frame_index,video_time_s,lane2_mask_iou_agreement,steering_delta_steps,cte_delta_px,heading_delta_deg,path_delta_mean_px,path_delta_max_px
0,0.0,0.8518788890047624,1,-7.0464776408054774,1.056386918643767,10.000000000000004,11.0
1,0.03333333333333333,0.8532833281244574,1,-9.458804230650884,0.05727786362547249,10.195497712164379,11.0
2,0.06666666666666667,0.853652182973846,1,-10.576538724592709,-0.8361923586958255,9.781990848657516,12.0
3,0.1,0.8635653197056706,1,-10.576538724592709,-0.8361923586958255,9.781990848657516,12.0
4,0.13333333333333333,0.8610587002096436,1,-10.576538724592709,-0.8361923586958255,9.781990848657516,12.0
5,0.16666666666666666,0.860883997204752,1,-10.576538724592709,-0.8361923586958255,9.781990848657516,12.0
6,0.2,0.8611688289011891,1,-10.576538724592709,-0.8361923586958255,9.781990848657516,12.0
7,0.23333333333333334,0.861061637855771,1,-10.406950225116887,-0.7784550894789959,9.977488560821895,13.0
8,0.26666666666666666,0.8609592987725027,1,-10.406950225116887,-0.7784550894789959,9.977488560821895,13.0
9,0.3,0.8642502151274081,1,-10.406950225116887,-0.7784550894789959,9.977488560821895,13.0
10,0.3333333333333333,0.8642588755838044,1,-10.406950225116887,-0.7784550894789959,9.977488560821895,13.0
11,0.36666666666666664,0.8642038171825892,1,-10.406950225116887,-0.7784550894789959,9.977488560821895,13.0
12,0.4,0.8655775142731664,1,-10.406950225116887,-0.7784550894789959,9.977488560821895,13.0
13,0.43333333333333335,0.8650495327759432,1,-10.406950225116887,-0.7784550894789959,9.977488560821895,13.0
14,0.4666666666666667,0.8650647274771214,1,-11.693030704742753,-1.737119061961721,9.368483985150657,13.0
15,0.5,0.8652448657187993,1,-11.86313049445318,-1.7953551539091848,9.172986272986277,12.0
16,0.5333333333333333,0.8655102184142145,1,-11.86313049445318,-1.7953551539091848,9.172986272986277,12.0
17,0.5666666666666667,0.8652225810981604,1,-11.86313049445318,-1.7953551539091848,9.172986272986277,12.0
18,0.6,0.8653977841377979,1,-11.86313049445318,-1.7953551539091848,9.172986272986277,12.0
19,0.6333333333333333,0.8653332865069888,1,-11.86313049445318,-1.7953551539091848,9.172986272986277,12.0
20,0.6666666666666666,0.8655754403835684,1,-11.86313049445318,-1.7953551539091848,9.172986272986277,12.0
21,0.7,0.8645685314807993,1,-11.86313049445318,-1.7953551539091848,9.172986272986277,12.0
22,0.7333333333333333,0.8644855714411016,1,-11.693030704742753,-1.737119061961721,9.368483985150657,13.0
23,0.7666666666666667,0.8644680291202526,1,-11.693030704742753,-1.737119061961721,9.368483985150657,13.0
24,0.8,0.8613414634146341,1,-11.86313049445318,-1.7953551539091848,9.172986272986277,12.0
25,0.8333333333333334,0.8586434625851519,1,-11.86313049445318,-1.7953551539091848,9.172986272986277,12.0
26,0.8666666666666667,0.861467410247473,1,-11.86313049445318,-1.7953551539091848,9.172986272986277,12.0
27,0.9,0.8620220010476689,1,-11.86313049445318,-1.7953551539091848,9.172986272986277,12.0
28,0.9333333333333333,0.8620713736992807,1,-11.693030704742753,-1.737119061961721,9.368483985150657,13.0
29,0.9666666666666667,0.8622086425141859,1,-11.693030704742753,-1.737119061961721,9.368483985150657,13.0
30,1.0,0.8625838222967309,1,-11.693030704742753,-1.737119061961721,9.368483985150657,13.0
31,1.0333333333333334,0.8624043868534106,1,-11.693030704742753,-1.737119061961721,9.368483985150657,13.0
32,1.0666666666666667,0.8624091925118749,1,-11.693030704742753,-1.737119061961721,9.368483985150657,13.0
33,1.1,0.862439314030247,1,-11.693030704742753,-1.737119061961721,9.368483985150657,13.0
34,1.1333333333333333,0.8624543755784915,1,-11.693030704742753,-1.737119061961721,9.368483985150657,13.0
35,1.1666666666666667,0.862406789724604,1,-11.693030704742753,-1.737119061961721,9.368483985150657,13.0
36,1.2,0.8606568808618946,1,-11.693030704742753,-1.737119061961721,9.368483985150657,13.0
37,1.2333333333333334,0.8606317330823136,1,-11.86313049445318,-1.7953551539091848,9.172986272986277,12.0
38,1.2666666666666666,0.8604748457274344,1,-11.86313049445318,-1.7953551539091848,9.172986272986277,12.0
39,1.3,0.8612622036262204,1,-10.576538724592709,-0.8361923586958255,9.781990848657516,12.0
40,1.3333333333333333,0.8592121317761896,1,-10.576538724592709,-0.8361923586958255,9.781990848657516,12.0
41,1.3666666666666667,0.8591598396374411,1,-10.576538724592709,-0.8361923586958255,9.781990848657516,12.0
42,1.4,0.858564036447898,1,-10.576538724592709,-0.8361923586958255,9.781990848657516,12.0
43,1.4333333333333333,0.8587036069001568,1,-10.576538724592709,-0.8361923586958255,9.781990848657516,12.0
44,1.4666666666666666,0.8602868145463416,1,-10.406950225116887,-0.7784550894789959,9.977488560821895,13.0
45,1.5,0.860710737752061,1,-10.406950225116887,-0.7784550894789959,9.977488560821895,13.0
46,1.5333333333333334,0.8607257389849414,1,-10.576538724592709,-0.8361923586958255,9.781990848657516,12.0
47,1.5666666666666667,0.8606584519929589,1,-10.576538724592709,-0.8361923586958255,9.781990848657516,12.0
48,1.6,0.8645284741240081,1,-10.576538724592709,-0.8361923586958255,9.781990848657516,12.0
49,1.6333333333333333,0.8645597401457291,1,-10.576538724592709,-0.8361923586958255,9.781990848657516,12.0
50,1.6666666666666667,0.8643505433351474,1,-10.576538724592709,-0.8361923586958255,9.781990848657516,12.0
51,1.7,0.8639341390786478,1,-11.86313049445318,-1.7953551539091848,9.172986272986277,12.0
52,1.7333333333333334,0.8648046065798252,1,-11.86313049445318,-1.7953551539091848,9.172986272986277,12.0
53,1.7666666666666666,0.8647694954531091,1,-11.86313049445318,-1.7953551539091848,9.172986272986277,12.0
54,1.8,0.8642870910652017,1,-11.86313049445318,-1.7953551539091848,9.172986272986277,12.0
55,1.8333333333333333,0.8642018573681444,1,-11.86313049445318,-1.7953551539091848,9.172986272986277,12.0
56,1.8666666666666667,0.8643069914140529,1,-11.86313049445318,-1.7953551539091848,9.172986272986277,12.0
57,1.9,0.8643892520989256,1,-11.86313049445318,-1.7953551539091848,9.172986272986277,12.0
58,1.9333333333333333,0.8646152767799253,1,-11.86313049445318,-1.7953551539091848,9.172986272986277,12.0
59,1.9666666666666666,0.8644655906629515,1,-11.86313049445318,-1.7953551539091848,9.172986272986277,12.0
60,2.0,0.8595136407216944,1,-11.86313049445318,-1.7953551539091848,9.172986272986277,12.0
61,2.033333333333333,0.8594084943969048,1,-11.86313049445318,-1.7953551539091848,9.172986272986277,12.0
62,2.066666666666667,0.8596576846655279,1,-10.576538724592709,-0.8361923586958255,9.781990848657516,12.0
63,2.1,0.8591519841062373,1,-10.576538724592709,-0.8361923586958255,9.781990848657516,12.0
64,2.1333333333333333,0.8590719799271663,1,-10.406950225116887,-0.7784550894789959,9.977488560821895,13.0
65,2.1666666666666665,0.8591568931565098,1,-10.406950225116887,-0.7784550894789959,9.977488560821895,13.0
66,2.2,0.8592361570895912,1,-10.406950225116887,-0.7784550894789959,9.977488560821895,13.0
67,2.2333333333333334,0.8592162807310996,1,-10.406950225116887,-0.7784550894789959,9.977488560821895,13.0
68,2.2666666666666666,0.859303399369261,1,-10.406950225116887,-0.7784550894789959,9.977488560821895,13.0
69,2.3,0.8597466413424175,1,-10.406950225116887,-0.7784550894789959,9.977488560821895,13.0
70,2.3333333333333335,0.8596769415741693,1,-10.406950225116887,-0.7784550894789959,9.977488560821895,13.0
71,2.3666666666666667,0.8596420916900451,1,-10.406950225116887,-0.7784550894789959,9.977488560821895,13.0
72,2.4,0.8618402680815415,1,-11.693030704742753,-1.737119061961721,9.368483985150657,13.0
73,2.433333333333333,0.861802949646566,1,-11.86313049445318,-1.7953551539091848,9.172986272986277,12.0
74,2.466666666666667,0.8615658487207233,1,-11.86313049445318,-1.7953551539091848,9.172986272986277,12.0
75,2.5,0.8621098931788034,1,-11.86313049445318,-1.7953551539091848,9.172986272986277,12.0
76,2.533333333333333,0.8622122148330453,1,-11.86313049445318,-1.7953551539091848,9.172986272986277,12.0
77,2.566666666666667,0.8621646623496763,1,-11.86313049445318,-1.7953551539091848,9.172986272986277,12.0
78,2.6,0.8616778066700407,1,-11.86313049445318,-1.7953551539091848,9.172986272986277,12.0
79,2.6333333333333333,0.8620298455362597,1,-11.86313049445318,-1.7953551539091848,9.172986272986277,12.0
80,2.6666666666666665,0.8620370693566966,1,-11.86313049445318,-1.7953551539091848,9.172986272986277,12.0
81,2.7,0.8621381934988304,1,-11.86313049445318,-1.7953551539091848,9.172986272986277,12.0
82,2.7333333333333334,0.8619955313503701,1,-11.86313049445318,-1.7953551539091848,9.172986272986277,12.0
83,2.7666666666666666,0.8618932081202325,1,-11.86313049445318,-1.7953551539091848,9.172986272986277,12.0
84,2.8,0.8489596712047265,1,-13.268890862598749,-2.7950428598429085,8.368483985150657,11.0
85,2.8333333333333335,0.8492155922449819,1,-13.268890862598749,-2.7950428598429085,8.368483985150657,11.0
86,2.8666666666666667,0.8492550094194211,1,-10.900341414716564,-1.7953551539091848,8.172986272986277,11.0
87,2.9,0.849802168439443,1,-8.477329281256942,-0.7784550894789959,7.977488560821895,11.0
88,2.933333333333333,0.8499194957349868,1,-8.477329281256942,-0.7784550894789959,7.977488560821895,11.0
89,2.966666666666667,0.8498167243328423,1,-9.721278484129819,-1.721409897397507,7.368483985150658,11.0
90,3.0,0.8080841218316182,1,-9.888053352173994,-1.7781427954127196,7.172986272986276,10.0
91,3.033333333333333,0.8080323226742179,1,-9.888053352173994,-1.7781427954127196,7.172986272986276,10.0
92,3.066666666666667,0.8080323226742179,1,-9.888053352173994,-1.7781427954127196,7.172986272986276,10.0
93,3.1,0.8080907489899513,1,-9.888053352173994,-1.7781427954127196,7.172986272986276,10.0
94,3.1333333333333333,0.8068175931202404,1,-9.888053352173994,-1.7781427954127196,7.172986272986276,10.0
95,3.1666666666666665,0.808076796906024,1,-9.888053352173994,-1.7781427954127196,7.172986272986276,10.0
96,3.2,0.7910540699484554,1,-12.311065485633616,-2.7950428598429085,7.368483985150658,10.0
97,3.2333333333333334,0.8004737451804208,1,-12.311065485633616,-2.7950428598429085,7.368483985150658,10.0
98,3.2666666666666666,0.7988482888616044,1,-12.311065485633616,-2.7950428598429085,7.368483985150658,10.0
99,3.3,0.798242275353794,1,-12.311065485633616,-2.7950428598429085,7.368483985150658,10.0
100,3.3333333333333335,0.7981454570617951,1,-12.311065485633616,-2.7950428598429085,7.368483985150658,10.0
101,3.3666666666666667,0.7980935575392707,1,-9.888053352173994,-1.7781427954127196,7.172986272986276,10.0
102,3.4,0.8485502406275155,1,-9.888053352173994,-1.7781427954127196,7.172986272986276,10.0
103,3.433333333333333,0.8484869243547807,1,-9.888053352173994,-1.7781427954127196,7.172986272986276,10.0
104,3.466666666666667,0.848523770379504,1,-9.888053352173994,-1.7781427954127196,7.172986272986276,10.0
105,3.5,0.7995987825124515,1,-9.888053352173994,-1.7781427954127196,7.172986272986276,10.0
106,3.533333333333333,0.8483815721870184,1,-9.888053352173994,-1.7781427954127196,7.172986272986276,10.0
107,3.566666666666667,0.7996299050550819,1,-12.311065485633616,-2.7950428598429085,7.368483985150658,10.0
108,3.6,0.7973335177851942,1,-12.311065485633616,-2.7950428598429085,7.368483985150658,10.0
109,3.6333333333333333,0.7972694353483376,1,-9.888053352173994,-1.7781427954127196,7.172986272986276,10.0
110,3.6666666666666665,0.7946850291527535,1,-9.888053352173994,-1.7781427954127196,7.172986272986276,10.0
111,3.7,0.7990385945497303,1,-9.888053352173994,-1.7781427954127196,7.172986272986276,10.0
112,3.7333333333333334,0.7977240496696759,1,-9.888053352173994,-1.7781427954127196,7.172986272986276,10.0
113,3.7666666666666666,0.7976721663034831,1,-9.888053352173994,-1.7781427954127196,7.172986272986276,10.0
114,3.8,0.8596602066080423,0,-6.465190765944293,0.11690714323563611,7.390995424328766,9.0
115,3.8333333333333335,0.8596889564163409,0,-7.992764430977395,-0.9204667722497959,6.586493136493137,8.0
116,3.8666666666666667,0.8595334858782145,0,-4.233568833591384,1.10726186574405,6.999999999999998,8.0
117,3.9,0.8600776196636482,0,-5.580848822588045,0.12067542958533295,6.3909954243287554,8.0
118,3.933333333333333,0.8592122508105126,0,-1.9837301557713047,2.1173505832468607,6.609004575671245,7.1922749902547025
119,3.966666666666667,0.8595032769920662,0,-5.598708212601807,0.12140588246762718,6.390995424328762,8.0
120,4.0,0.8704556641586386,0,-5.441696541490991,0.18298958439785906,6.586493136493144,9.0
121,4.033333333333333,0.8705644452259539,0,-6.536635387179587,-0.7690469926282901,6.172986272986288,10.0
122,4.066666666666666,0.8705015734603821,0,-8.93630083929289,-1.8475785409142134,6.368483985150664,10.0
123,4.1,0.8726486902657964,0,0.6990613555452256,2.9085945731190748,7.954977121643795,18.0
124,4.133333333333334,0.86939550769338,1,3.641838327164649,4.29616564459144,8.736967970301302,23.0
125,4.166666666666667,0.8728045623119446,1,7.353591987465748,6.567754682133,9.736967970301313,26.0
126,4.2,0.8697449915227847,0,11.594639516348735,10.13921510815689,13.518958818958819,36.0
127,4.233333333333333,0.8693974986593783,0,13.301485837123884,11.482450372348552,15.496447379780715,43.0
128,4.266666666666667,0.8695381421899325,0,12.510675503606201,11.595048330959884,17.08294051627385,47.0
129,4.3,0.8691706059303824,1,3.286501097276002,7.3871655654324115,15.127963394630058,34.0
130,4.333333333333333,0.8691167875683294,1,-2.8011755925359836,3.8226287549843505,13.34597254597254,26.0
131,4.366666666666666,0.8693962478290028,1,-3.823335598123677,3.398165506040357,12.172986272986266,20.0
132,4.4,0.8714765791098005,0,-9.387822212451631,1.0111141088951285,11.999999999999996,13.0
133,4.433333333333334,0.8716757257248675,0,-13.99403598751281,-1.9866371887003424,10.999999999999998,13.0
134,4.466666666666667,0.8714787826832404,0,-15.526112507642353,-2.20096262550814,11.218009151342493,14.0
135,4.5,0.8559403394479684,0,-18.76963632289805,-5.840923067755426,8.586493136493136,14.0
136,4.533333333333333,0.8562218145029922,1,-24.99312834895771,-10.440976088136296,6.954977121643779,16.0
137,4.566666666666666,0.8566407187682178,0,-24.377075667701313,-10.470583064269363,5.954977121643784,15.0
138,4.6,0.8518039042005928,1,-27.16933796278809,-12.547369989930331,4.932465682465685,15.0
139,4.633333333333334,0.8516518153783245,1,-25.846334669195915,-11.734457877077858,4.932465682465683,14.0
140,4.666666666666667,0.8514461894865942,1,-27.476832985369832,-12.86925424683892,4.323461106794435,14.0
141,4.7,0.8584100873466336,1,-28.096425142409764,-16.33630829554062,6.267866041213146,11.0
142,4.733333333333333,0.858312802650582,1,-26.880797010653044,-17.870715841676656,10.078326470658883,17.0
143,4.766666666666667,0.8581357804401394,0,-25.522438221531978,-18.438395969051385,12.573989024953221,22.0
144,4.8,0.8663028418882844,0,-21.200974022166353,-16.711939762145505,12.917022215277507,21.0
145,4.833333333333333,0.8666621601068055,0,-17.077923231594855,-14.648099648783358,12.80276794932442,20.0
146,4.866666666666666,0.8665743149643544,0,-12.525179824125306,-11.448894567803507,12.413506863506866,23.0
147,4.9,0.8670505503465145,0,-8.274324057179612,-10.952519041764077,14.263032029698689,18.345924931783543
148,4.933333333333334,0.8672216087658201,0,-5.1044429278645325,-10.092588134218062,14.894548044548042,19.200171881990116
149,4.966666666666667,0.8672748275744913,0,-3.4705783527264344,-9.569814649222309,15.112557195890531,20.0249109969036
150,5.0,0.8634613753921818,0,-2.586145839975025,-9.669212019861448,16.135068635068638,21.983739350130577
151,5.033333333333333,0.8633511937059143,-1,-1.3345410255486314,-9.247149812512475,16.744073210739867,23.008296332447003
152,5.066666666666666,0.8634004884004884,-1,-1.1345568313057797,-9.036656626570561,16.54857549857549,23.020574823605102
153,5.1,0.8670560469973003,-1,-1.9281739921568999,-8.623456758419536,14.962082362082366,22.072941750627706
154,5.133333333333334,0.8671069833777612,0,-1.3416462735451304,-7.752989335095094,14.012082362082364,21.149864827550772
155,5.166666666666667,0.86707872036949,0,-1.3870607598233988,-7.587076386922803,13.883961860844323,21.18394226934177
156,5.2,0.8663510498799407,-1,-0.004465354214634232,-6.462583364985392,13.598575498575494,20.201478656024108
157,5.233333333333333,0.867122984454547,-1,0.390553611136621,-5.851218831161589,12.989570922904258,19.210246849365262
158,5.266666666666667,0.8670786937719208,-1,2.289618810784628,-4.69852532701492,12.576064059397387,18.309630885388486
159,5.3,0.8671589710297817,0,0.6369297967080039,-4.698525327015261,12.576064059397396,18.309630885388486
160,5.333333333333333,0.8667058728098638,-1,1.802987929680242,-3.05403746720728,11.481041181041187,15.17157589884863
161,5.366666666666666,0.8666152972666071,-1,3.6433791674327605,-2.021994761088564,11.849525166191835,14.067159552008007
162,5.4,0.8601722995361166,0,3.1888005630955156,-1.6008878297216995,11.022511439178109,12.016541055108547
163,5.433333333333334,0.8603297568250549,-1,3.9961686332853006,-1.0977376441552735,10.609004575671241,11.192274990254731
164,5.466666666666667,0.8604511465086895,-1,5.731293162702791,-0.5743712015156461,11.000000000000004,12.0
165,5.5,0.8616717138561233,0,6.7928628210019575,-0.06135537226617771,10.390995424328755,12.0
166,5.533333333333333,0.8613475627832127,0,5.4984836704950055,-0.5936928084437909,11.195497712164379,13.0
167,5.566666666666666,0.861244627014208,0,5.483277853607298,-0.593052683981,11.195497712164377,13.0
168,5.6,0.8679375542836781,0,3.438685590188207,-1.1148534308038052,10.999999999999996,13.0
169,5.633333333333334,0.8676791520064134,0,4.6912997012778135,-0.5819414026114487,10.195497712164379,12.0
170,5.666666666666667,0.8678514163548904,0,6.523631478050767,-0.08847360296689999,10.586493136493138,13.0
171,5.7,0.8696543993130919,0,3.289721921615765,-1.0904413447333923,11.0,13.0
172,5.733333333333333,0.872999212805038,0,5.2671422104407455,-0.5685901078316249,11.195497712164379,13.0
173,5.766666666666667,0.8694158895222649,0,3.8881663880834836,-1.0677364138485643,11.999999999999996,14.0
174,5.8,0.8720005696247597,0,4.0064595632396305,-1.0383720851769738,11.804502287835621,13.0
175,5.833333333333333,0.8722136498516321,0,3.9930516572634716,-1.0383720851769738,11.804502287835621,13.0
176,5.866666666666666,0.8719768352597727,0,6.052987823096117,-0.5380339248423525,11.999999999999998,13.0
177,5.9,0.8735567313345091,0,5.920893823757716,-0.5673666277514542,12.195497712164377,14.0
178,5.933333333333334,0.8736421349635551,0,6.053916199709789,-0.5386136912219399,12.000000000000002,13.0
179,5.966666666666667,0.8736156504973077,0,3.9930516572634716,-1.0383720851769738,11.804502287835621,13.0
180,6.0,0.8720450281425891,0,1.9385604824327487,-1.5579274254917834,11.609004575671241,13.0
181,6.033333333333333,0.8722940169336492,0,1.9385604824327487,-1.5579274254917834,11.609004575671241,13.0
182,6.066666666666666,0.8723469124510425,0,1.9385604824327487,-1.5579274254917834,11.609004575671241,13.0
183,6.1,0.8743859649122807,0,1.9385604824327487,-1.5579274254917834,11.609004575671241,13.0
184,6.133333333333334,0.8746256784577953,0,2.0698286463883235,-1.5296814091695978,11.413506863506864,12.288412485382182
185,6.166666666666667,0.8747133966590239,0,2.0698286463883235,-1.5296814091695978,11.413506863506864,12.288412485382182
186,6.2,0.8748313247405891,0,3.4476171964763154,-1.030494964088433,10.609004575671241,11.192274990254774
187,6.233333333333333,0.8746974492645689,0,5.5421962035510575,-0.5206767873163471,10.804502287835621,11.096137495127394
188,6.266666666666667,0.8747847535719272,0,5.407987649302491,-0.5506661403130124,10.999999999999998,12.0
189,6.3,0.877638499501842,0,2.0542272346586614,-1.5639085355227564,11.413506863506871,12.28841248538221
190,6.333333333333333,0.8779289405984193,0,5.415628066555961,-0.5512601671690334,11.0,12.0
191,6.366666666666666,0.8781528189910979,0,5.415628066555961,-0.5512601671690334,11.0,12.0
192,6.4,0.880362426035503,0,5.5943727934995096,-0.5311901432385753,10.804502287835625,11.096137495127408
193,6.433333333333334,0.8803179811891941,0,3.3383456450319287,-1.083023641719791,10.804502287835621,12.0
194,6.466666666666667,0.8803752570649537,0,3.3383456450319287,-1.083023641719791,10.804502287835621,12.0
195,6.5,0.8782570665684559,0,4.624659565051182,-0.5917745417840479,10.195497712164379,12.0
196,6.533333333333333,0.8786978842921933,0,4.488890808279926,-0.6224026147848178,10.390995424328759,13.0
197,6.566666666666666,0.878576525562231,0,1.1043233433612443,-1.6543713327811815,10.80450228783562,13.0
198,6.6,0.8819501694604744,0,4.496391245045906,-0.6224026147848178,10.390995424328757,13.0
199,6.633333333333334,0.8816500320483472,0,2.395385383879564,-1.164907641484973,10.195497712164379,13.0
200,6.666666666666667,0.8812678796200938,0,4.503891681811886,-0.6224026147848178,10.390995424328757,13.0
201,6.7,0.880034450715079,0,1.1261521607148026,-1.6877849088758978,10.804502287835621,13.0
202,6.733333333333333,0.8798495286439448,0,4.408388370119027,-0.6655369897510184,10.586493136493136,14.0
203,6.766666666666667,0.8798749121892633,0,1.1471526315726095,-1.6877849088758978,10.804502287835621,13.0
204,6.8,0.885983499391371,0,1.3031772381754223,-1.6577631946392728,10.60900457567124,12.0
205,6.833333333333333,0.885878507832751,0,4.697263519200433,-0.6043798901322646,10.195497712164375,12.0
206,6.866666666666666,0.88581860800577,0,2.59392808324543,-1.1565947656373226,9.999999999999996,12.0
207,6.9,0.8817458371413923,0,4.740239463787844,-0.6152591539913033,10.195497712164377,12.0
208,6.933333333333334,0.8811459888163611,0,2.606679441586536,-1.1578432244999703,9.999999999999996,12.0
209,6.966666666666667,0.8814038997214485,0,2.606679441586536,-1.1578432244999703,9.999999999999996,12.0
210,7.0,0.8792310723825371,0,3.8988253428591335,-0.6478010857414347,9.390995424328757,12.0
211,7.033333333333333,0.8795270418217649,0,3.906476046753639,-0.6478010857414347,9.390995424328757,12.0
212,7.066666666666666,0.8794998686169747,0,2.6493918884145984,-1.1578432244999703,9.999999999999998,12.0
213,7.1,0.8767164694705933,0,2.6621664637683153,-1.1590930164214512,9.999999999999996,12.0
214,7.133333333333334,0.8770626349892009,0,4.7780759977252885,-0.616587989721296,10.195497712164375,12.0
215,7.166666666666667,0.8769486548343913,0,4.066094625903887,-0.616587989721296,9.195497712164375,11.0
216,7.2,0.881646076653877,0,2.8489576021630327,-1.1499792986699333,9.804502287835623,11.0
217,7.233333333333333,0.8813223419282747,0,2.0133905773493623,-1.1825005622037565,9.000000000000004,11.0
218,7.266666666666667,0.8813880924270535,0,2.1633749603261023,-1.151220041390161,8.804502287835621,10.0
219,7.3,0.8788383123907797,0,4.278046054533569,-0.5971593629137999,9.000000000000002,10.0
220,7.333333333333333,0.8790388016228025,0,3.4218647566556655,-0.6297156861112114,8.19549771216438,10.0
221,7.366666666666666,0.8791869512753298,0,3.5658837390643114,-0.5971593629137999,8.000000000000002,9.0
222,7.4,0.878233259853985,0,2.5099608817763723,-1.109328854716864,8.413506863506868,9.028595983141457
223,7.433333333333334,0.8774198763286586,0,5.679248916282127,-0.03259141852964831,8.195497712164379,9.0
224,7.466666666666667,0.8780783695256581,0,3.620580870719081,-0.6098616794148768,7.999999999999995,9.0
225,7.5,0.8781374241998313,0,3.515283256392422,-0.65465451194612,8.195497712164382,10.0
226,7.533333333333333,0.8782123353678124,0,4.586897063983834,-0.13277918259879584,7.7819908486575144,11.0
227,7.566666666666666,0.8782701226735198,0,6.8417750229408085,0.48683974950853326,7.781990848657506,10.0
228,7.6,0.8790721507262371,0,4.632023198827355,-0.13530630212565598,7.781990848657509,11.0
229,7.633333333333334,0.8789759962161523,0,5.876606366210481,0.42783935321071453,7.17298627298627,11.0
230,7.666666666666667,0.879081682924426,0,4.6340741862197845,-0.13530630212565598,7.781990848657509,11.0
231,7.7,0.8829975669099757,0,5.867881177118981,0.4282986835285385,7.17298627298627,11.0
232,7.733333333333333,0.8830731498423326,0,6.002116745771367,0.4627123893006342,6.977488560821892,10.0
233,7.766666666666667,0.8828052008720025,0,3.9331670499767384,-0.13802426124459544,6.781990848657512,10.0
234,7.8,0.87891626926073,-1,5.907715806584292,0.4364239269188772,7.1729862729862734,11.0
235,7.833333333333333,0.8787815445424141,-1,3.8334929142634877,-0.1757050498641206,6.977488560821901,11.0
236,7.866666666666666,0.8788316451606772,-1,5.890018506153162,0.4364239269188772,7.172986272986274,11.0
237,7.9,0.8794542901597663,-1,5.884119406009454,0.4364239269188772,7.1729862729862734,11.0
238,7.933333333333334,0.8796886864085042,-1,5.94754539589708,0.4446806502216134,7.1729862729862734,11.0
239,7.966666666666667,0.8797577690453139,-1,5.878220305865746,0.4364239269188772,7.1729862729862734,11.0
240,8.0,0.8862147295699025,0,3.701959879973522,-0.21095885570582595,7.1729862729862734,12.0
241,8.033333333333333,0.8860940081093257,0,5.0299228752343765,0.40942684437990806,6.368483985150645,11.0
242,8.066666666666666,0.886166957631732,0,5.024246057367897,0.40942684437990806,6.368483985150645,11.0
243,8.1,0.8836595186815245,0,5.018569239501424,0.40942684437990806,6.368483985150645,11.0
244,8.133333333333333,0.8835349638563242,0,3.846303682684205,-0.17589293045438126,6.977488560821888,11.0
245,8.166666666666666,0.8832980655792962,0,5.012892421634941,0.40942684437990806,6.368483985150645,11.0
246,8.2,0.8827815677454133,0,5.903048212182213,0.4451553978468894,7.172986272986269,11.0
247,8.233333333333333,0.8833698925530729,0,5.8340088003614206,0.4368912552675681,7.172986272986272,11.0
248,8.266666666666667,0.8832856240008923,0,5.8971099039735435,0.4451553978468894,7.172986272986269,11.0
249,8.3,0.8812386695771208,0,5.825187018049878,0.4373590108388328,7.172986272986272,11.0
250,8.333333333333334,0.8810668836934004,0,5.888228931901612,0.44563056361448616,7.172986272986276,11.0
251,8.366666666666667,0.8808132006363536,0,5.743774151208921,0.4098639147598817,7.368483985150654,12.0
252,8.4,0.878308538521171,-1,6.926758499891648,1.0233039053260882,6.563981697315029,11.0
253,8.433333333333334,0.8781059627099871,-1,5.665465837213386,0.4022555770248175,7.368483985150649,12.0
254,8.466666666666667,0.8778565363458486,-1,5.861480054721486,0.4451553978468894,7.172986272986267,11.0
255,8.5,0.8780921317843662,-1,5.712485915126862,0.40942684437990806,7.368483985150645,12.0
256,8.533333333333333,0.8774493645386954,-1,4.483285076412571,-0.21095885570582595,8.172986272986272,13.0
257,8.566666666666666,0.8775932470290957,-1,4.484845296680216,-0.21095885570582595,8.172986272986272,13.0
258,8.6,0.8760135875520491,-1,5.553796762972677,0.37373635321256415,7.563981697315034,13.0
259,8.633333333333333,0.8760688445516334,0,4.487965737215511,-0.21095885570582595,8.172986272986272,13.0
260,8.666666666666666,0.8759500146156095,0,5.548381380271888,0.37373635321256415,7.563981697315034,13.0
261,8.7,0.8733560731809642,0,5.542965997571104,0.37373635321256415,7.563981697315034,13.0
262,8.733333333333333,0.8735409979573971,0,4.491086177750805,-0.21095885570582595,8.172986272986272,13.0
263,8.766666666666667,0.8739167715687884,0,5.672748190061512,0.40942684437990806,7.368483985150645,12.0
264,8.8,0.8747784890239051,0,5.529517164009146,0.3741353612929288,7.563981697315032,13.0
265,8.833333333333334,0.87488698419587,0,4.538197135150366,-0.21517247867930678,8.172986272986268,13.0
266,8.866666666666667,0.8748304732283322,0,5.5214796868549865,0.37453472081639916,7.563981697315032,13.0
267,8.9,0.8705142632584891,0,3.5134045438616557,-0.28720263097503107,7.563981697315032,14.0
268,8.933333333333334,0.8703842582672666,-1,5.432362295352085,0.34556030851032915,7.759479409479411,14.0
269,8.966666666666667,0.8704441150734834,-1,3.3859355181232633,-0.32361956767834954,7.759479409479409,15.0
270,9.0,0.8565834812571786,-1,4.4231885974586636,-0.25197185168826763,8.368483985150652,14.0
271,9.033333333333333,0.8561162345571602,0,4.428066408747253,-0.2522401304327673,8.36848398515065,14.0
272,9.066666666666666,0.8559845492666122,0,4.393225159507183,-0.2478334829651203,8.368483985150652,14.0
273,9.1,0.8241091865669092,0,4.436613603140902,-0.25250863800479806,8.368483985150649,14.0
274,9.133333333333333,0.8269168165852823,-1,6.220767128648289,0.3769382310731828,8.563981697315034,14.0
275,9.166666666666666,0.8289193459741687,-1,6.215342341795132,0.3769382310731828,8.563981697315032,14.0
276,9.2,0.8475517499376507,-1,6.462193394700253,0.44849030688962443,8.17298627298627,12.0
277,9.233333333333333,0.8475363187060057,-1,8.137008093041224,1.049306112652772,8.563981697315029,13.0
278,9.266666666666667,0.8476976585511974,-1,8.250449208665884,1.0848243635324195,8.36848398515065,12.0
279,9.3,0.8453248129262962,-1,6.576975488750499,0.48400855776924345,7.977488560821894,11.0
280,9.333333333333334,0.8452763336534322,-1,8.29828901520185,1.1007364870912966,8.17298627298627,11.0
281,9.366666666666667,0.8451478329967221,-1,8.29828901520185,1.1007364870912966,8.17298627298627,11.0
282,9.4,0.8476265927246319,-1,8.311707997097399,1.1007364870912966,8.172986272986268,11.0
283,9.433333333333334,0.8482442092750656,-1,7.398389392118553,0.5104003126351699,8.781990848657516,11.0
284,9.466666666666667,0.8480931154036652,-1,5.674252561332748,-0.10621418243650282,8.586493136493132,11.0
285,9.5,0.8525533524053797,-1,8.20760718700051,1.064740573762748,8.368483985150652,12.0
286,9.533333333333333,0.8520826824094325,-1,6.401721521557917,0.4397041803235595,8.172986272986268,12.0
287,9.566666666666666,0.8519821760363057,-1,8.000948433738593,1.0107561514664667,8.563981697315025,13.0
288,9.6,0.8546881871040245,-1,8.12557156183308,1.0449661456281092,8.36848398515065,12.0
289,9.633333333333333,0.8544699560332193,-1,6.537253809092102,0.47503337426704206,7.977488560821891,11.0
290,9.666666666666666,0.8550139253082297,-1,6.537253809092102,0.47503337426704206,7.977488560821891,11.0
291,9.7,0.8550929537181488,-1,6.407630480285029,0.4397041803235595,8.172986272986268,12.0
292,9.733333333333333,0.8553110576610544,-1,7.2571407147865905,1.0107561514664667,7.563981697315026,12.0
293,9.766666666666667,0.8551831745928551,-1,5.530235040614814,0.4048452951831507,7.368483985150647,12.0
294,9.8,0.8508138020833333,-1,6.413539439012141,0.4397041803235595,8.172986272986268,12.0
295,9.833333333333334,0.8510790664366394,-1,5.533031054172751,0.4044126972365518,7.368483985150656,12.0
296,9.866666666666667,0.8509893900930808,-1,5.533031054172751,0.4044126972365518,7.368483985150656,12.0
297,9.9,0.8509955145374165,-1,3.733596673611772,-0.20837148848539755,7.1729862729862734,12.0
298,9.933333333333334,0.8517866942122083,-1,5.66579270616289,0.4392342958287543,7.172986272986276,11.0
299,9.966666666666667,0.8513014151780671,0,4.65799937578233,0.3691588913948465,6.563981697315027,12.0
300,10.0,0.8544960791875562,0,3.859416320690243,-0.1735498898931951,6.977488560821894,11.0
301,10.033333333333333,0.8549758159116839,0,5.541472649918406,0.40398048998704894,7.368483985150649,12.0
302,10.066666666666666,0.854842597502772,0,4.60857713858139,-0.1735498898931951,7.977488560821894,12.0
303,10.1,0.8534889695257056,0,3.600896425832507,-0.24271003668502544,7.368483985150649,13.0
304,10.133333333333333,0.8537732819524727,0,6.038757965980675,0.8688851659007355,7.345972545972546,15.0
305,10.166666666666666,0.8536373855789304,0,6.038757965980675,0.8688851659007355,7.345972545972546,15.0
306,10.2,0.8495821279331405,0,6.939805018739047,0.9020917050777939,8.150474833808163,15.0
307,10.233333333333333,0.8470510740163553,-1,5.865424355725653,0.29257759166287656,8.954977121643783,16.0
308,10.266666666666667,0.8466965591501535,-1,5.87025684782186,0.29257759166287656,8.954977121643783,16.0
309,10.3,0.8717512056150626,-1,6.132228607928278,0.3603543279497785,8.563981697315034,14.0
310,10.333333333333334,0.871024228724251,-1,7.271121689327778,0.9681781864870516,7.759479409479409,13.0
311,10.366666666666667,0.8712132066160434,-1,5.526018595617524,0.3939218526342074,7.368483985150649,12.0
312,10.4,0.9060277577618346,-1,6.721449441218377,1.0178296653707548,6.368483985150652,10.0
313,10.433333333333334,0.9047104343875809,-1,5.8555643608779455,0.9834528344764237,5.563981697315031,10.0
314,10.466666666666667,0.9044904224160885,0,3.1879992972473996,-0.13530630212565598,5.781990848657506,9.0
315,10.5,0.9192734301888529,-1,5.235205229039709,1.0167370141356855,4.368483985150652,8.0
316,10.533333333333333,0.9193689476834302,-1,4.302034017141043,0.4622161841050456,4.9774885608218895,8.0
317,10.566666666666666,0.9192511317424998,-1,3.4237106171354625,0.42783935321071453,4.172986272986268,8.0
318,10.6,0.9062701036788797,-1,5.352966668147857,1.051113845030045,4.1729862729862734,7.0
319,10.633333333333333,0.9072701962369213,-1,6.346284011473706,1.6249472884171894,3.5639816973150316,7.0
320,10.666666666666666,0.9069074910962799,-1,5.417443544112279,1.0699307231132877,4.172986272986277,7.0
321,10.7,0.9130616885059535,-1,5.338177338287821,1.558343104832943,2.954977121643791,8.0
322,10.733333333333333,0.9133405088647711,-1,5.117658909928281,1.4965383254296967,3.150474833808167,9.0
323,10.766666666666667,0.913130558254241,-1,6.227311239440471,2.1047485997112005,2.364221647141753,8.0
324,10.8,0.9082028933949958,-1,4.437347468622585,1.5249872413477021,2.1949926616593287,8.0
325,10.833333333333334,0.9088147247991938,-1,6.075941165701674,2.071981170001152,2.5720089394331835,9.0
326,10.866666666666667,0.9089749862847145,-1,6.075941165701674,2.071981170001152,2.5720089394331835,9.0
327,10.9,0.9107280679187034,-1,4.291482109615849,1.4915954830283056,2.411670316215774,9.0
328,10.933333333333334,0.9106164694489,0,5.295232259194858,2.071981170001152,2.1143101329510885,8.0
329,10.966666666666667,0.9104651514692976,0,4.2723611585139,1.4915954830283056,2.411670316215774,9.0
330,11.0,0.9021938392186326,0,4.4033587108838,1.5266239335767011,2.194992661659331,8.0
331,11.033333333333333,0.9045055341674687,0,4.253240207411951,1.4915954830283056,2.411670316215774,9.0
332,11.066666666666666,0.9043401106833494,0,4.253240207411951,1.4915954830283056,2.411670316215774,9.0
333,11.1,0.9016503258023263,0,5.227644262183718,2.077891454088899,2.3376002615212856,9.0
334,11.133333333333333,0.9015374300994987,0,4.364597156386631,1.5266239335767011,2.194992661659331,8.0
335,11.166666666666666,0.901433773674026,0,5.201542746213859,2.077891454088899,2.3376002615212856,9.0
336,11.2,0.9140963391136802,0,4.480360555788141,1.563365604235969,1.9820187108065852,7.0
337,11.233333333333333,0.9143949673121994,0,4.4852003814087,1.5650429267087134,1.9820187108065923,7.0
338,11.266666666666667,0.9135950916462409,0,4.5909377088217145,1.598506580430893,1.7731662353563167,6.0
339,11.3,0.9044268088536177,0,4.595860737932069,1.600221479062668,1.773166235356321,6.0
340,11.333333333333334,0.9055103464310625,0,3.7096159224510883,1.0427308296904698,2.368483985150646,6.0
341,11.366666666666667,0.9051561095091929,0,3.644536559993176,1.0233086645294236,2.368483985150656,6.0
342,11.4,0.9043173679848634,0,3.826778696649847,1.0779846355321752,2.172986272986274,5.0
343,11.433333333333334,0.9043739346646441,0,3.813453665885611,1.0779846355321752,2.172986272986274,5.0
344,11.466666666666667,0.9045072096587532,0,3.817003324493439,1.0791394564468533,2.172986272986271,5.0
345,11.5,0.8994868414858057,0,2.1654707682215664,0.5093101250707264,1.7819908486575122,4.0
346,11.533333333333333,0.8994444095674556,0,3.8036750060644664,1.0791394564468533,2.172986272986271,5.0
347,11.566666666666666,0.8991148220227259,0,3.933558639606436,1.1144686503903358,1.977488560821893,4.0
348,11.6,0.911958201252051,0,3.9236026450872563,1.1156622779397196,1.9774885608218988,4.0
349,11.633333333333333,0.9129776105122154,0,2.1562579335751457,0.5104003126351699,1.7819908486575187,4.0
350,11.666666666666666,0.9130108915785613,-1,3.91364137521029,1.1168570000965587,1.9774885608218973,4.0
351,11.7,0.9113960616905522,0,2.024101273178648,0.47604993805137497,1.9774885608218908,5.0
352,11.733333333333333,0.9112741399515194,0,2.949115886573652,1.0681546720331312,1.3920284821800002,5.0
353,11.766666666666667,0.9111935028248588,0,2.182485291224026,0.5211519689268016,1.7819908486575158,4.0
354,11.8,0.9096032351842528,-1,13.062681676108209,5.601621232936822,3.522418577239513,12.0
355,11.833333333333334,0.9094984407484408,0,10.33433584859493,4.320701866991726,2.650489852969193,9.0
356,11.866666666666667,0.91062350782024,-1,19.41012834943374,8.616856951031423,4.728525346707168,15.0
357,11.9,0.9082977993432338,-1,25.084990122082935,11.822008795394936,6.389008970827156,19.0
358,11.933333333333334,0.9081997745429594,-1,30.649312936460298,14.339183680164183,7.174223480835053,21.0
359,11.966666666666667,0.9083393242271747,-1,35.5508538092927,16.96219176758305,8.07005702524528,22.0
360,12.0,0.909032481336827,-1,38.3679091457428,18.397768056393744,8.458455502257154,24.0
361,12.033333333333333,0.9090294830171888,-1,37.647533840402765,18.638466561111215,8.735500658916639,24.0
362,12.066666666666666,0.909267681761255,-1,39.99071515869366,19.645889271897857,8.798015413488333,24.0
363,12.1,0.9126475435763397,-1,41.411104473955895,20.863623576891968,9.312482754126464,25.0
364,12.133333333333333,0.9126989411999734,-1,40.26903616033003,20.19383734402774,8.957473013671356,25.0
365,12.166666666666666,0.9127250940318876,-1,40.75676560609823,20.532997253314335,8.798015413488326,24.0
366,12.2,0.9134471700330764,-1,40.930998042341926,20.825429727897756,8.79801541348833,24.0
367,12.233333333333333,0.9134011618145798,-1,28.469583043374747,14.427907678643464,6.249672908121036,16.0
368,12.266666666666667,0.9136874275830801,-1,18.401430595946188,9.311031965675738,4.367750329458318,12.0
369,12.3,0.9081903473924435,-1,12.92204250659124,6.128591866525255,2.853963774211705,9.0
370,12.333333333333334,0.9082916272149331,0,13.198296884721927,6.23531971475299,2.513680885994936,7.0
371,12.366666666666667,0.9083100853833799,0,10.030404362993883,4.632733070278107,1.806566810056249,5.0
372,12.4,0.9132381227977598,-1,9.217089220833266,3.984235018801769,1.297485182402537,4.0
373,12.433333333333334,0.9133091627091525,-1,8.160949901839524,3.221700070072842,1.1821108235708777,4.0
374,12.466666666666667,0.9133742999642535,-1,7.985947941363371,3.175875820000101,1.3693239462982312,4.0
375,12.5,0.903921568627451,-1,6.225834840763304,2.7244380727900364,1.1729862729862723,3.0
376,12.533333333333333,0.9076576576576577,0,1.9547175000097665,0.9111026236983548,0.5910554117854361,2.0
377,12.566666666666666,0.903920894239037,-1,2.1388154438465774,0.9994383770446973,0.3909954243287615,1.0
378,12.6,0.8852595895329225,0,2.1410585970685707,1.0100277122921284,0.39099542432877,1.0
379,12.633333333333333,0.8857510270884131,0,2.1447780909481375,1.0172635095474618,0.3909954243287658,1.0
380,12.666666666666666,0.8857491190273393,0,2.3133227238844585,1.0814176102487068,0.2564102564102626,1.0
381,12.7,0.8827556267948975,0,0.0,0.0,0.0,0.0
382,12.733333333333333,0.8827860231389506,0,2.144119199204205,1.0221219999242805,0.39099542432876433,1.0
383,12.766666666666667,0.883037518157987,0,0.0,0.0,0.0,0.0
384,12.8,0.9011943539630836,1,-5.8823445769219145,-0.3566558043417558,3.9194143169349758,5.576824970764392
385,12.833333333333334,0.9012444667167794,1,-5.41798592230424,2.128310996522117,7.211477802203236,10.642180677534213
386,12.866666666666667,0.9013129322152807,1,-5.84541719750289,2.7048260011708294,8.603595263696281,12.803908026130216
387,12.9,0.892057463672391,1,-2.531527794583406,3.1122950639005467,7.2630320296986906,10.21960463099117
388,12.933333333333334,0.8917896892235543,1,-2.6913166714772525,1.6577784845796089,6.022511439178098,7.016541055108519
389,12.966666666666667,0.891833432402087,0,-1.2487751798113818,1.8106618328306467,5.60900457567124,6.192274990254816
390,13.0,0.8946409163113452,0,-0.35099660070391536,2.0679447832536653,6.5864931364931305,11.0
391,13.033333333333333,0.8946382580191993,0,3.701337535421505,4.0273383182102975,7.7819908486575144,15.0
392,13.066666666666666,0.8946004247420611,0,1.709033883046894,3.1516129814317253,8.17298627298626,16.0
393,13.1,0.8916357781393086,0,2.0357576306409726,3.155429096479935,8.36848398515065,17.0
394,13.133333333333333,0.8906349579042699,0,3.310970583348226,3.89863815135368,8.977488560821891,17.0
395,13.166666666666666,0.8917182493751363,0,3.430563164816679,3.89863815135368,8.977488560821891,17.0
396,13.2,0.896819526627219,0,1.2535968311573065,3.688774170038556,10.390995424328763,16.0
397,13.233333333333333,0.8971858924789026,1,-3.4420980123153377,1.9387726491742683,10.586493136493138,15.0
398,13.266666666666667,0.8970570933965277,1,-4.593716681270816,1.813213031997492,11.195497712164377,14.0
399,13.3,0.893733607310513,1,-4.864015606374604,1.6890367703122706,10.804502287835623,12.0
400,13.333333333333334,0.8934549463766663,1,-9.57761871754569,0.0,11.0,11.0
401,13.366666666666667,0.8936938141229155,1,-8.441302075447542,0.7198776628671055,11.41350686350686,12.028595983141429
402,13.4,0.8950275309934804,1,-10.194826949028077,-0.18651522680985977,10.218009151342486,11.384549980509632
403,13.433333333333334,0.8949902847005153,1,-9.207049043236097,0.486602092008269,10.436018302684978,12.4132757016136
404,13.466666666666667,0.8951770988238476,1,-10.502546198092215,-0.2792529781017947,9.827013727013732,11.576824970764335
405,13.5,0.8946666221940562,1,-10.570822953351122,-0.3206291827564769,9.631516014849346,11.672962465891771
406,13.533333333333333,0.8950020018684105,1,-10.635425378282896,-0.36053604624018476,9.436018302684975,11.769099961019208
407,13.566666666666666,0.8949642207803039,1,-14.276913981952386,-1.94116200913993,8.827013727013728,12.0
408,13.6,0.896402027027027,1,-16.625060426934017,-3.3850347793493825,7.804502287835622,12.0
409,13.633333333333333,0.8966257202237129,1,-15.477359856952468,-3.2949351875394086,7.195497712164371,11.0
410,13.666666666666666,0.8963868853566662,1,-13.289232098446963,-2.523622656503335,7.0,10.0
411,13.7,0.9002533783783784,1,-10.994072133316646,-1.7149978744035366,6.804502287835625,9.0
412,13.733333333333333,0.9004832223836718,1,-11.16725253663736,-1.7608886547689053,6.609004575671254,9.0
413,13.766666666666667,0.9004985213350233,1,-10.90942891695541,-1.6878329250205866,6.804502287835622,9.0
414,13.8,0.8949477673256535,1,-13.448600199854916,-3.1541081179471178,5.586493136493132,9.0
415,13.833333333333334,0.896360281784636,0,-9.777086243186119,-1.599166238869742,6.19549771216437,8.0
416,13.866666666666667,0.8964759556517218,0,-10.9830719954055,-2.3113068734767808,5.5864931364931305,8.0
417,13.9,0.8952340926283937,0,-9.86532522490505,-2.2234337428595268,4.977488560821895,7.0
418,13.933333333333334,0.8952643616305664,0,-8.719060528740147,-2.1334726423418715,4.368483985150644,7.0
419,13.966666666666667,0.8952369739984527,0,-8.477191732387261,-2.0548214121460546,4.563981697315032,8.0
420,14.0,0.9054108962855111,0,-5.142863691656906,-0.6273746519512429,4.781990848657512,7.0
421,14.033333333333333,0.905461686926489,0,-4.998078782174019,-0.5845042527546411,4.977488560821894,8.0
422,14.066666666666666,0.9053511875539605,0,-4.010610801064757,-0.5410551285174563,4.17298627298627,8.0
423,14.1,0.902623629637172,0,-2.5687784389717123,0.21392570349476614,4.977488560821891,9.0
424,14.133333333333333,0.9030736070331461,0,-2.413831125129903,0.2563274062077028,5.172986272986267,10.0
425,14.166666666666666,0.9027966331794732,0,-0.140970409007231,0.996727609823381,4.977488560821887,10.0
426,14.2,0.9017241964497845,0,1.448954794555192,1.767012142604358,5.977488560821888,12.0
427,14.233333333333333,0.902011030971574,0,-0.804344001989648,1.038556561542265,6.172986272986272,12.0
428,14.266666666666667,0.9019601187950785,0,0.33395084112027007,1.1232136994374002,5.563981697315032,13.0
429,14.3,0.9001826545798944,0,-0.6430206655112229,1.0803433002407985,6.368483985150649,13.0
430,14.333333333333334,0.900405953991881,0,-0.6450721187517985,1.061416788622239,6.368483985150649,13.0
431,14.366666666666667,0.9003602658863725,0,-0.6450721187517985,1.061416788622239,6.368483985150649,13.0
432,14.4,0.8956895974278251,0,-0.4743928605350547,1.681313989352475,7.586493136493128,12.0
433,14.433333333333334,0.8961289133821337,0,-2.588716279964494,0.9792753905466327,7.9774885608218895,13.0
434,14.466666666666667,0.8959746720940751,0,-0.02594725517509744,2.3554499154744235,9.195497712164386,13.0
435,14.5,0.8949818591474628,0,-3.7515769429252046,0.9120286716885744,8.586493136493127,12.0
436,14.533333333333333,0.8949748244335498,0,-3.9120995994570364,0.8701152360437163,8.390995424328748,11.0
437,14.566666666666666,0.8952663506480592,0,-3.9203205789779147,0.8701152360437163,8.390995424328748,11.0
438,14.6,0.8975139940730984,0,-6.356925912160875,0.08552763609836234,8.390995424328752,10.0
439,14.633333333333333,0.8975051461506793,0,-4.913137842028817,0.8281595297767126,9.195497712164373,11.0
440,14.666666666666666,0.8973324551292606,0,-7.3414090520232875,0.04274251137240981,9.195497712164372,10.0
441,14.7,0.8929433596636723,0,-7.492261776368501,0.0,9.0,9.0
442,14.733333333333333,0.892794982102394,0,-9.840430462343988,-0.7853744050507601,9.000000000000007,10.0
443,14.766666666666667,0.8929333727383181,0,-12.270951184907371,-1.583809622871371,9.000000000000004,11.0
444,14.8,0.8984183815921297,1,-11.394103421057292,-1.5822310776950985,8.000000000000007,10.0
445,14.833333333333334,0.8993949557725823,1,-11.48708006197053,-1.608407441967728,8.000000000000005,10.0
446,14.866666666666667,0.8999111929743775,1,-11.317181647917081,-1.5642480412641078,8.195497712164375,10.0
447,14.9,0.8992294110852598,1,-13.600307004237184,-2.3448843109405857,8.390995424328754,11.0
448,14.933333333333334,0.9009655855409755,1,-13.886501083978587,-2.4286408947086784,8.195497712164382,11.0
449,14.966666666666667,0.9006071805702217,1,-11.569706739199386,-1.6363168471884535,7.999999999999996,10.0
450,15.0,0.8928279024070739,1,-11.53919882077474,-1.6363168471884535,7.999999999999996,10.0
451,15.033333333333333,0.8932999230252706,1,-11.570162346140922,-1.654240644038623,7.804502287835623,10.0
452,15.066666666666666,0.89124763581817,1,-11.554583800310244,-1.654240644038623,7.804502287835623,10.0
453,15.1,0.8891418790168911,1,-10.376335655390164,-1.5673377937864643,7.195497712164377,9.0
454,15.133333333333333,0.8896104945152588,1,-11.595886341234277,-2.3045279466400075,6.586493136493135,9.0
455,15.166666666666666,0.8895009773670861,1,-12.68610242441828,-3.0044599261738654,5.977488560821892,9.0
456,15.2,0.8923971275504389,0,-9.572026503780314,-2.2190855211231053,4.977488560821885,7.0
457,15.233333333333333,0.8920784824554262,0,-10.513719232648906,-2.8783389952029665,4.563981697315027,7.0
458,15.266666666666667,0.8922906556362571,0,-7.199537277574272,-1.3949077898153348,4.977488560821895,7.0
459,15.3,0.8862500602574197,1,-6.019135080842631,-1.3092096365634234,4.368483985150656,8.0
460,15.333333333333334,0.8853693387063111,1,-7.147519084550526,-2.0456865055363096,3.7594794094794026,8.0
461,15.366666666666667,0.8852514289384111,1,-6.879232894548881,-1.9684946712077362,3.9549771216437803,9.0
462,15.4,0.88926773565788,0,-4.494640111790369,-1.135065081431236,4.1504748338081665,11.0
463,15.433333333333334,0.8902270165834809,0,-4.329558748473358,-1.0931418770147445,4.345972545972543,12.0
464,15.466666666666667,0.8901157269552061,0,-3.327161952121271,-1.0500580205358574,3.541470258136921,12.0
465,15.5,0.883587510244749,1,-3.01434360254352,-0.9628150692545034,3.9324656824656854,14.0
466,15.533333333333333,0.8842047720110618,1,-1.8351195680333117,-0.1995791421360309,4.736967970301308,15.0
467,15.566666666666666,0.8841700704338598,1,-0.7938808948294529,0.5237058881152166,5.345972545972546,15.0
468,15.6,0.8934725763752416,0,-0.6565391165484638,0.5676271346246722,5.541470258136921,16.0
469,15.633333333333333,0.8935109234142776,0,-0.6615837646618803,0.5584259666483149,5.541470258136924,16.0
470,15.666666666666666,0.8935752103160425,0,-1.6386781109431063,0.5157260525038225,6.345972545972545,16.0
471,15.7,0.8981949458483754,0,-0.5420612944229267,1.2583579461821444,7.1504748338081665,17.0
472,15.733333333333333,0.8964153841126687,0,-1.6577411746566622,1.1731478401073616,7.759479409479411,16.0
473,15.766666666666667,0.8966553927095077,0,0.24834499149244096,1.9054257518251347,7.563981697315027,16.0
474,15.8,0.8870280496833101,1,-8.839772746411844,-0.6075639050521033,9.781990848657514,12.0
475,15.833333333333334,0.8866773042062147,1,-12.092408365665213,-0.8574810533236814,11.60900457567125,13.0
476,15.866666666666667,0.8863927901851791,1,-16.754271493490094,-2.403131728633042,12.60900457567124,16.0
477,15.9,0.8748713592629498,1,-17.853140231574013,-3.186569950999939,11.413506863506857,16.0
478,15.933333333333334,0.8726489474112005,1,-18.120319280137018,-3.2692043588575643,11.022511439178112,16.0
479,15.966666666666667,0.8722857885840593,2,-19.883403479770273,-3.997291741334095,11.022511439178109,17.0
480,16.0,0.8935442568819704,1,-17.088977315585957,-3.8626666002737977,8.999999999999996,14.0
481,16.033333333333335,0.8934865383967382,1,-14.645251043070276,-3.170981122962843,7.999999999999997,12.0
482,16.066666666666666,0.8933528737955664,2,-15.333850658609194,-4.50025500555688,6.172986272986281,11.0
483,16.1,0.8805851328490397,2,-17.094320996095004,-5.199737510329044,6.368483985150652,12.0
484,16.133333333333333,0.8815981432360742,2,-17.920857145338072,-5.186950036036649,6.977488560821888,13.0
485,16.166666666666668,0.8812491711974539,2,-18.79048516012024,-5.8643460729826415,6.17298627298627,13.0
486,16.2,0.8844208564868732,2,-17.808864364887473,-5.787715080752207,5.563981697315026,12.0
487,16.233333333333334,0.8843043955678301,2,-15.781311216140983,-4.980431512242035,5.563981697315034,11.0
488,16.266666666666666,0.8851413248055431,1,-13.912425672674917,-4.229028055705896,5.368483985150656,10.0
489,16.3,0.893451476793249,1,-10.505143271788507,-2.8560480089164457,4.977488560821902,8.0
490,16.333333333333332,0.8918120760066152,1,-10.402497545042538,-2.816163751483316,5.172986272986279,8.0
491,16.366666666666667,0.8917537080471796,1,-9.598923540504535,-2.816163751483316,4.172986272986279,7.0
492,16.4,0.8690089525662374,1,-6.748840559360998,-1.3680417516488887,4.78199084865752,6.0
493,16.433333333333334,0.8690641076375148,1,-6.415565995490611,-1.263821510707686,5.172986272986267,8.0
494,16.466666666666665,0.8689178716879091,1,-6.429350944047268,-1.263821510707686,5.172986272986267,8.0
495,16.5,0.8906876427302715,1,-4.45465174658813,-0.5142059352677961,5.1729862729862806,9.0
496,16.533333333333335,0.8912031945313954,1,-4.45465174658813,-0.5142059352677961,5.1729862729862806,9.0
497,16.566666666666666,0.8908195722793719,1,-2.4272153735166184,0.24378603870690085,5.172986272986279,10.0
498,16.6,0.8815077783545724,1,-3.5119861024597148,0.16269045620657607,5.781990848657519,9.0
499,16.633333333333333,0.8790591451623658,1,-4.532706361796631,-0.5461849022573233,4.977488560821894,8.0
500,16.666666666666668,0.8790243251804798,1,-3.6504763053670275,0.12220527192218356,5.586493136493138,8.0
501,16.7,0.8741758611410119,1,-4.60014803327211,0.08151185015017859,6.390995424328759,8.0
502,16.733333333333334,0.8801080600485587,0,-5.684481981810231,0.0,7.0,7.0
503,16.766666666666666,0.8799603344218571,0,-4.658656913558054,0.7097699599897567,7.8045022878356205,8.096137495127437
504,16.8,0.8585765506148846,0,0.7679253799638303,2.3737461691929695,5.413506863506858,6.288412485382139
505,16.833333333333332,0.8576242769720849,-1,3.8136763492582912,3.360274978473342,4.2180091513424784,5.384549980509576
506,16.866666666666667,0.8580315224681422,-1,7.9678691944392765,5.15554350126871,3.722009010783117,5.326359828655484
507,16.9,0.8577836456270418,-1,8.374661186989092,5.443492131728846,3.9194143169349744,5.576824970764392
508,16.933333333333334,0.8577349935710902,-1,6.14016403707263,4.582813153871655,3.827013727013731,5.240226664469105
509,16.966666666666665,0.8575102358474604,-1,6.182378234214085,4.64303136593216,3.8270137270137212,5.2402266644690485
510,17.0,0.8619370335420777,0,0.8905075825185058,2.8342482012348853,5.21800915134248,6.088385205924226
511,17.033333333333335,0.8623815409971157,1,-2.3293680518093947,1.0300276322152513,5.0,6.0
512,17.066666666666666,0.8621613268775111,1,-4.594496891327093,0.05588379733822535,5.195497712164375,6.0
513,17.1,0.8746177370030581,1,-12.700664729507249,-3.0311366292225728,6.195497712164382,9.0
514,17.133333333333333,0.8747852971487461,2,-19.361662546620842,-5.963584891919282,6.586493136493134,12.0
515,17.166666666666668,0.874506234328307,2,-19.24413371074037,-5.074596826527198,8.000000000000002,13.0
516,17.2,0.877752297532631,3,-26.978600427788596,-7.226430524659349,10.218009151342482,18.0
517,17.233333333333334,0.8776488439057193,2,-31.31823056917922,-8.329296690261117,11.802778241552357,21.0
518,17.266666666666666,0.8777530570359255,3,-35.48211949653176,-9.364760227422323,13.534890706171703,24.0
519,17.3,0.8795918015548775,2,-11.32600703530476,1.5773613423773725,17.954977121643783,27.0
520,17.333333333333332,0.8790752202472286,0,5.454724265689032,9.650145098927226,21.300949667616326,47.0
521,17.366666666666667,0.8789100873791428,0,15.778975861671304,14.41664124171649,22.864931364931355,59.0
522,17.4,0.877152340778646,0,11.591441142724218,10.074239074854916,14.909954243287576,39.0
523,17.433333333333334,0.8764804536888151,0,8.687951289897427,7.516335735758048,10.345972545972543,26.0
524,17.466666666666665,0.8773929133449773,0,6.167483632242935,5.038284678920775,6.5639816973150245,17.0
525,17.5,0.8883420593368238,0,2.9534584046205383,2.657061658889745,4.172986272986276,11.0
526,17.533333333333335,0.8880414674159657,0,1.315870958690181,1.4533865480615304,2.977488560821901,8.0
527,17.566666666666666,0.888138374000768,0,-0.49499917758870904,0.1853747473873284,1.5864931364931394,4.0
528,17.6,0.8844310129220508,0,0.5047801803316254,0.18538317597676723,0.7692307692307636,3.0
529,17.633333333333333,0.8838372436309327,0,1.4785765019787824,1.14573678693057,1.0000000000000029,2.0
530,17.666666666666668,0.8837443556790552,0,1.4787029260369877,1.1457628381751306,1.0,2.0
531,17.7,0.887597969823568,0,0.1683865652970118,0.061820491094806584,0.2564102564102555,1.0
532,17.733333333333334,0.8875120806295734,0,0.1683865652970118,0.061820491094806584,0.2564102564102555,1.0
533,17.766666666666666,0.8874369950977008,0,0.0,0.0,0.0,0.0
534,17.8,0.8801963651556298,0,-2.4892833146637194,-3.4121626770208877,5.195497712164378,9.0
535,17.833333333333332,0.8798781549173194,0,-5.285480753413271,-4.9720802173249865,8.150474833808167,21.0
536,17.866666666666667,0.8802792381880854,0,-4.251170346050465,-4.332289806015211,9.909954243287583,29.0
537,17.9,0.88082417106744,0,7.001507422948869,0.3593739747383893,9.345972545972552,18.0
538,17.933333333333334,0.8811404420425414,-1,15.03370360102286,3.484877812085813,9.563981697315025,12.0
539,17.966666666666665,0.880994855984897,-2,19.75306685986568,5.467366913032606,9.172986272986268,14.0
540,18.0,0.8853221317568152,-2,13.619465949020219,3.497992817690232,7.1729862729862734,10.0
541,18.033333333333335,0.8846718860717927,-1,9.30587135883038,2.429570370450733,5.563981697315024,9.0
542,18.066666666666666,0.8813688212927757,0,8.327068614020593,2.379516708266806,4.759479409479414,9.0
543,18.1,0.8772804375670717,-1,6.175168336525072,1.4736061487901964,4.563981697315027,9.0
544,18.133333333333333,0.8772090769044363,0,6.366226154897584,1.52365981097455,4.368483985150642,8.0
545,18.166666666666668,0.8770642201834863,0,6.390601548819264,1.52365981097455,4.368483985150641,8.0
546,18.2,0.8772998722772619,0,6.537845892199076,1.550641968735988,4.172986272986272,7.0
547,18.233333333333334,0.8773195698330772,-1,6.3618645856854315,1.4788953946673757,4.368483985150653,8.0
548,18.266666666666666,0.87816163394969,-1,6.542134533399722,1.5274071192525298,4.172986272986274,7.0
549,18.3,0.8822960725075528,0,4.298452849799872,0.6603088079044994,3.977488560821893,7.0
550,18.333333333333332,0.8827357627440487,0,6.559568277966502,1.5040146828355603,4.172986272986274,7.0
551,18.366666666666667,0.8827042234073768,0,3.07028913762581,-0.1451477517442754,4.5864931364931385,7.0
552,18.4,0.8929099094401279,0,4.3004711661804755,0.6495053186906148,3.9774885608218917,7.0
553,18.433333333333334,0.8924430227908836,0,4.31048010587207,0.6489210821785321,3.977488560821891,7.0
554,18.466666666666665,0.8923523582691538,-1,6.59607452415629,1.4778247208981838,4.17298627298627,7.0
555,18.5,0.8771217327918359,-1,6.475667435154058,1.4296144754677584,4.368483985150652,8.0
556,18.533333333333335,0.8786674073816881,0,5.343030646284916,0.6855265193936759,4.781990848657516,7.0
557,18.566666666666666,0.8784611912573997,0,6.610183177482277,1.4529015195284387,4.172986272986271,7.0
558,18.6,0.8813206631060554,0,6.623538953243546,1.4529015195284387,4.172986272986271,7.0
559,18.633333333333333,0.8809193649032795,0,5.305691272637496,0.6738569390768419,4.781990848657515,7.0
560,18.666666666666668,0.8809263785601609,0,6.6368947290048155,1.4529015195284387,4.172986272986271,7.0
561,18.7,0.8832941257870338,0,6.633041678955536,1.4515558784913765,4.172986272986271,7.0
562,18.733333333333334,0.8835954123203072,0,6.633041678955536,1.4515558784913765,4.172986272986271,7.0
563,18.766666666666666,0.8837523140538763,0,6.633041678955536,1.4515558784913765,4.172986272986271,7.0
564,18.8,0.8831461453133667,0,6.415644950953087,1.38265049398197,4.368483985150645,8.0
565,18.833333333333332,0.8827362692594326,0,6.415644950953087,1.38265049398197,4.368483985150645,8.0
566,18.866666666666667,0.8826200752257639,0,6.57015142517313,1.4279553191992704,4.172986272986266,7.0
567,18.9,0.8816204260062351,0,5.159900411132277,0.6272064715024044,4.977488560821889,8.0
568,18.933333333333334,0.8809996516893068,0,5.270142798539069,0.6628166239662505,4.781990848657513,7.0
569,18.966666666666665,0.8810141571038014,0,7.453540795903429,1.4279553191992704,5.172986272986266,8.0
570,19.0,0.8820746420908228,0,5.119149287184719,0.6169258436012797,4.977488560821893,8.0
571,19.033333333333335,0.8817932392979,0,8.721651730157724,2.1687967003941537,4.563981697315028,8.0
572,19.066666666666666,0.8819297875334178,0,7.321105185417103,1.3813481719728316,5.368483985150649,9.0
573,19.1,0.8896362774196948,0,4.95936315455338,0.5705357792211885,5.172986272986275,9.0
574,19.133333333333333,0.891367740575484,0,8.69548310040178,2.166736977610242,4.563981697315032,8.0
575,19.166666666666668,0.891168411438207,0,5.107982129758106,0.6157540981493241,4.977488560821894,8.0
576,19.2,0.894022891055532,0,6.236655172011766,1.310209406345166,4.563981697315032,9.0
577,19.233333333333334,0.8930739903981926,0,4.932349922822134,0.5599496045180103,5.172986272986277,9.0
578,19.266666666666666,0.8932019982700489,0,6.209657114754755,1.2869570584073244,4.563981697315034,9.0
579,19.3,0.8937806350784968,0,5.057123022794087,0.5941008187885757,4.977488560821886,8.0
580,19.333333333333332,0.8935297772255258,0,5.166643469888342,0.6267532817689698,4.7819908486575144,7.0
581,19.366666666666667,0.8935513073113585,0,3.857903509794646,-0.08552763609873182,5.390995424328755,7.0
582,19.4,0.8924531003866533,0,3.8556783662775302,-0.08544242551505477,5.390995424328758,7.0
583,19.433333333333334,0.8927094707072154,0,4.985421440650228,0.5726618818227394,4.977488560821889,8.0
584,19.466666666666665,0.8926218944655259,0,5.143450850329742,0.6146598776268775,4.781990848657513,7.0
585,19.5,0.8951436068873792,0,5.098654010971025,0.603887932792702,4.781990848657513,7.0
586,19.533333333333335,0.8947955056179775,-1,3.93501089758864,-0.04117539311576479,5.195497712164375,6.0
587,19.566666666666666,0.8946554452596749,-1,4.049641775018614,0.0,5.0,5.0
588,19.6,0.8970259955353929,-1,5.209303445254207,0.633691987155089,4.586493136493134,6.0
589,19.633333333333333,0.8965871044389243,-1,5.0640641685562855,0.5926003622959684,4.781990848657515,7.0
590,19.666666666666668,0.896452419949963,-1,2.811960394634731,-0.12327489627787713,4.586493136493136,7.0
591,19.7,0.8976830834343179,-1,7.383318579098436,1.3179343692903274,4.9774885608218975,7.0
592,19.733333333333334,0.8972846831527344,-1,3.8971536059198257,-0.04040244042528229,5.195497712164379,6.0
593,19.766666666666666,0.8970319593409177,-1,4.857964956994103,0.0,6.0,6.0
594,19.8,0.8925766404864454,0,2.5689586146904375,-0.7025088222823115,5.804502287835627,6.09613749512738
595,19.833333333333332,0.892219468514264,0,2.561535760707706,-0.7025088222823115,5.804502287835627,6.09613749512738
596,19.866666666666667,0.8918552281729882,0,4.8150308718255275,0.0,6.0,6.0
597,19.9,0.897250597696153,0,2.6976468506218367,-0.6627890844186197,5.609004575671243,5.998915956675376
598,19.933333333333334,0.8975023093224176,0,3.500151995926089,-0.6627890844186197,6.609004575671243,6.998915956675376
599,19.966666666666665,0.8975455121818676,0,1.349758053353419,-1.3143424706243536,6.218009151342488,6.997831913350751
600,20.0,0.8989487777958711,0,4.9666130388446845,0.03976082969472827,5.804502287835626,6.096137495127408
601,20.033333333333335,0.8988619710155415,0,2.5315593352086765,-0.7032330233872699,5.804502287835619,6.09613749512738
602,20.066666666666666,0.898465769286438,0,2.5315593352086765,-0.7032330233872699,5.804502287835619,6.09613749512738
603,20.1,0.8971122067508263,0,2.5241361255092087,-0.7032330233872699,5.804502287835619,6.09613749512738
604,20.133333333333333,0.8976786198175414,0,2.506992101466551,-0.6913142159004337,5.80450228783562,6.09613749512738
605,20.166666666666668,0.897378926642461,0,4.8150308718255275,0.0,6.0,6.0
606,20.2,0.8971381169639154,0,2.499581360347946,-0.6913142159004337,5.80450228783562,6.09613749512738
607,20.233333333333334,0.89743450963412,0,2.499581360347946,-0.6913142159004337,5.80450228783562,6.09613749512738
608,20.266666666666666,0.8972328450826178,0,4.664250275110696,-0.03976082969472827,6.195497712164374,7.0
609,20.3,0.8999058959788628,0,2.4921706192293342,-0.6913142159004337,5.80450228783562,6.09613749512738
610,20.333333333333332,0.9005356884320255,0,2.5018664964107913,-0.7032330233872699,5.804502287835619,6.09613749512738
611,20.366666666666667,0.9005302879481657,0,1.125415624917963,-1.3547864095929754,6.413506863506863,7.028595983141429
612,20.4,0.9071249345632435,0,1.1108488642013299,-1.3547864095929754,6.413506863506863,7.028595983141429
613,20.433333333333334,0.9074792843861138,0,2.333548127202974,-0.7437184845032618,5.999999999999996,7.0
614,20.466666666666665,0.9075695484989078,0,2.333548127202974,-0.7437184845032618,5.999999999999996,7.0
615,20.5,0.9054522362333303,0,4.663181514704938,-0.03976082969472827,6.195497712164374,7.0
616,20.533333333333335,0.9051749165336043,0,2.4625276547549078,-0.6913142159004337,5.80450228783562,6.09613749512738
617,20.566666666666666,0.9050694923249991,0,2.3107125314814567,-0.7303582336384125,6.000000000000001,7.0
618,20.6,0.9108718574837671,0,2.4554189195945995,-0.6905974039437126,5.804502287835627,6.09613749512738
619,20.633333333333333,0.9110214954308335,0,2.295357833060798,-0.7303582336384125,6.000000000000002,7.0
620,20.666666666666668,0.9108969497419581,0,4.6608679964903885,-0.03971973786369176,6.195497712164384,7.0
621,20.7,0.9102408852953779,0,2.2880751991206836,-0.7296007925989727,6.0,7.0
622,20.733333333333334,0.9099936654618623,0,1.0252857151699146,-1.3533864883623323,6.413506863506868,7.028595983141429
623,20.766666666666666,0.9101274312541918,0,2.280398457065232,-0.7296007925989727,6.0,7.0
624,20.8,0.8920934211015656,0,3.0675501182585805,-0.7296007925989727,6.999999999999998,8.0
625,20.833333333333332,0.8927349155568782,0,4.504659011045014,-0.07939840944641219,6.390995424328761,8.0
626,20.866666666666667,0.892451321344219,0,2.9063752962462175,-0.7685635794630628,7.19549771216438,9.0
627,20.9,0.9043986060092305,0,4.311400371807721,-0.11701019325735729,6.586493136493135,9.0
628,20.933333333333334,0.9051305232229631,0,4.659532130883896,-0.03971973786369176,6.195497712164385,7.0
629,20.966666666666665,0.9053575465300279,0,4.659532130883896,-0.03971973786369176,6.195497712164385,7.0
630,21.0,0.9105353728489484,0,2.2496914888434176,-0.7296007925989727,6.0,7.0
631,21.033333333333335,0.9103250478011472,0,4.616447017236673,-0.039003388655260096,6.195497712164373,7.0
632,21.066666666666666,0.9105998890864934,0,2.242014746787966,-0.7296007925989727,6.0,7.0
633,21.1,0.9085271617340236,0,4.768970419492817,0.0,6.0,6.000000000000014
634,21.133333333333333,0.9084604983581225,0,2.3729034814522763,-0.6773960369463339,5.804502287835623,6.09613749512738
635,21.166666666666668,0.9086219886791724,0,4.921935384413828,0.03896278686409005,5.804502287835618,6.096137495127351
636,21.2,0.9108717708577226,0,2.3655134761996948,-0.6773960369463339,5.804502287835624,6.09613749512738
637,21.233333333333334,0.9115030435461214,0,2.374525513855474,-0.689165170016679,5.8045022878356205,6.096137495127408
638,21.266666666666666,0.911542063368191,0,0.913337836105228,-1.3275984200988944,6.413506863506862,7.028595983141457
639,21.3,0.9135972055966561,0,2.358447900300966,-0.6766885689387436,5.8045022878356205,6.096137495127408
640,21.333333333333332,0.9135126650577825,0,2.358447900300966,-0.6766885689387436,5.8045022878356205,6.096137495127408
641,21.366666666666667,0.9136253041362531,0,2.197294073823791,-0.7156513558028337,6.000000000000002,7.0
642,21.4,0.9137625865324103,0,2.197711418705026,-0.7149038081606136,5.999999999999999,7.0
643,21.433333333333334,0.9141362492133417,0,2.343669522296331,-0.6766885689387436,5.8045022878356205,6.096137495127408
644,21.466666666666665,0.9140637293469709,0,2.190056521704655,-0.7149038081606136,6.0,7.0
645,21.5,0.9128580255526101,0,2.320744209179118,-0.6643640338643308,5.804502287835623,6.09613749512738
646,21.533333333333335,0.9126231011522666,0,2.4661965054391644,-0.6261487946424609,5.6090045756712446,5.998915956675376
647,21.566666666666666,0.9127791068580542,0,2.3218309076630703,-0.6759815957017565,5.80450228783562,6.096137495127408
648,21.6,0.9136703595568532,0,2.3063599949545903,-0.6636659756964605,5.80450228783562,6.096137495127394
649,21.633333333333333,0.9136165446617864,0,2.46935632553501,-0.6370999301687448,5.6090045756712446,5.998915956675404
650,21.666666666666668,0.91372,0,3.7799511816537574,-0.03817518859187885,5.19549771216438,6.0
651,21.7,0.9133969173809812,0,2.4622344661547615,-0.6370999301687448,5.6090045756712446,5.998915956675404
652,21.733333333333334,0.9114350450143364,0,2.307385229689608,-0.675275118760652,5.804502287835626,6.096137495127394
653,21.766666666666666,0.9114515449860641,0,0.9744230360091848,-1.2619247596874743,6.218009151342483,6.997831913350751
654,21.8,0.909098249793084,0,0.9602051015740045,-1.2619247596874743,6.218009151342483,6.997831913350751
655,21.833333333333332,0.9098584153016501,0,4.873542010257893,0.03813516704866515,5.804502287835623,6.096137495127408
656,21.866666666666667,0.9099575843263987,0,2.4482315488142348,-0.6364339725828927,5.6090045756712446,5.998915956675376
657,21.9,0.9118805680693319,0,3.234872823078234,-0.6364339725828927,6.6090045756712446,6.998915956675376
658,21.933333333333334,0.9118579709559492,0,0.9317692327036156,-1.2619247596874743,6.218009151342482,6.997831913350751
659,21.966666666666665,0.9116946071500707,0,0.9317692327036156,-1.2619247596874743,6.218009151342482,6.997831913350751
660,22.0,0.9123854877113685,0,0.9317692327036156,-1.2619247596874743,6.218009151342482,6.997831913350751
661,22.033333333333335,0.9124010980138867,0,2.4238651095171235,-0.6254907871045816,5.6090045756712374,5.998915956675404
662,22.066666666666666,0.9124212820926852,0,2.5780907555384687,-0.5873556200559165,5.413506863506861,6.0285959831414
663,22.1,0.9093868802070695,0,2.5899013745298447,-0.5982587839910138,5.413506863506863,6.028595983141429
664,22.133333333333333,0.9090504870851691,0,4.089118305651098,0.03817518859187885,4.80450228783562,5.09613749512738
665,22.166666666666668,0.9093574345909661,0,2.5710949610618314,-0.587973606050582,5.413506863506862,6.0285959831414
666,22.2,0.9039399396968655,0,2.426625169253569,-0.6370999301687448,5.6090045756712446,5.998915956675404
667,22.233333333333334,0.9033302310524824,0,2.40967134926224,-0.6254907871045816,5.6090045756712374,5.998915956675404
668,22.266666666666666,0.903821243523316,0,4.8762909288480785,0.03817518859187885,5.804502287835618,6.09613749512738
669,22.3,0.8971561183152494,0,2.402574469134791,-0.6254907871045816,5.609004575671238,5.998915956675404
670,22.333333333333332,0.897095638369324,0,3.1821188632713557,-0.6254907871045816,6.609004575671238,6.998915956675404
671,22.366666666666667,0.8971405311895797,0,3.027090862079703,-0.6629684388946089,6.804502287835622,7.096137495127408
672,22.4,0.9042627533193571,0,2.2404495878157036,-0.6629684388946089,5.804502287835622,6.096137495127408
673,22.433333333333334,0.9041188802565051,0,0.5697808666992188,-1.313790858297267,6.609004575671241,7.192274990254802
674,22.466666666666665,0.903869469617574,0,2.225730040912879,-0.6508224194026866,5.8045022878356205,6.096137495127394
675,22.5,0.9057308194885197,0,0.7106430602819671,-1.2756556912486303,6.413506863506863,7.028595983141457
676,22.533333333333335,0.9057171306476373,0,2.218767728710162,-0.6501347778309992,5.804502287835619,6.09613749512738
677,22.566666666666666,0.9057190864397286,0,3.144226344305494,-0.6133842664545455,6.6090045756712446,6.998915956675404
678,22.6,0.9060926958664912,0,0.6981717127388833,-1.2743110279502616,6.413506863506862,7.028595983141443
679,22.633333333333333,0.905955065564186,0,3.1371608113213796,-0.6133842664545455,6.6090045756712446,6.998915956675404
680,22.666666666666668,0.9063067956297395,0,3.2912095747564223,-0.5759855818567701,6.413506863506868,7.028595983141429
681,22.7,0.9007180768029972,0,2.9831250636403297,-0.6501347778309992,6.804502287835618,7.09613749512738
682,22.733333333333334,0.9012178619756428,0,2.9831250636403297,-0.6501347778309992,6.804502287835618,7.09613749512738
683,22.766666666666666,0.9009845346876756,0,2.9831250636403297,-0.6501347778309992,6.804502287835618,7.09613749512738
684,22.8,0.9001748397302473,0,2.9831250636403297,-0.6501347778309992,6.804502287835618,7.09613749512738
685,22.833333333333332,0.8997002872247429,0,1.4670086150159563,-1.2522280336864355,7.413506863506863,8.028595983141443
686,22.866666666666667,0.8996399358961017,0,1.4670086150159563,-1.2522280336864355,7.413506863506863,8.028595983141443
687,22.9,0.9032412216912529,0,1.4681666636052597,-1.2756556912486303,7.413506863506865,8.028595983141457
688,22.933333333333334,0.9028372035060026,0,1.4681666636052597,-1.2756556912486303,7.413506863506865,8.028595983141457
689,22.966666666666665,0.9020841117615311,0,3.9164279169396963,-0.6140329536791569,7.609004575671241,7.998915956675376
690,23.0,0.9037129745515228,0,1.4664759466039072,-1.2770013925737658,7.413506863506863,8.028595983141415
691,23.033333333333335,0.9036368186178421,0,1.4664759466039072,-1.2770013925737658,7.413506863506863,8.028595983141415
692,23.066666666666666,0.9030792002835283,0,1.4664759466039072,-1.2770013925737658,7.413506863506863,8.028595983141415
693,23.1,0.9044152621238755,0,-0.22583299964701098,-1.9522765113344178,8.218009151342489,9.088385205924197
694,23.133333333333333,0.9046230220291653,0,2.407339022643143,-1.2401729409194502,8.218009151342486,8.997831913350751
695,23.166666666666668,0.9047628900107589,0,3.7918232372883978,-0.6636659756964605,7.804502287835618,8.096137495127394
696,23.2,0.9017486113968319,0,1.3252579200621142,-1.315176581165673,7.609004575671243,8.192274990254788
697,23.233333333333334,0.9015037748657712,0,-0.2040172324774545,-1.9522765113344178,8.218009151342489,9.088385205924197
698,23.266666666666666,0.901577962021931,0,1.3256913552255583,-1.339647571398217,7.609004575671238,8.192274990254788
699,23.3,0.8957376782739426,0,3.6437128353042993,-0.7018812149183304,7.999999999999998,9.0
700,23.333333333333332,0.8965103509984952,0,2.119986669149739,-1.339647571398217,8.60900457567124,9.192274990254788
701,23.366666666666667,0.8960539958120718,0,1.962848805930136,-1.378569783857074,8.804502287835618,10.0
702,23.4,0.9021128046924154,0,2.2901230496275247,-1.3021303903442174,8.413506863506864,9.028595983141457
703,23.433333333333334,0.9016356847146684,0,3.679666552161578,-0.7149038081606136,7.999999999999998,9.0
704,23.466666666666665,0.9019707332913884,0,2.300655225283549,-1.326216107999727,8.413506863506862,9.0285959831414
705,23.5,0.9052635836046347,0,2.148004487554388,-1.3410526028030745,8.609004575671243,9.192274990254788
706,23.533333333333335,0.9049766435461366,0,3.84412294573022,-0.6766885689387436,7.80450228783562,8.09613749512738
707,23.566666666666666,0.9047667199223411,0,3.84412294573022,-0.6766885689387436,7.80450228783562,8.09613749512738
708,23.6,0.90554,0,4.007850402532114,-0.6377663564798866,7.60900457567124,7.998915956675376
709,23.633333333333333,0.90544,0,5.4037289296696684,-0.038922212458857075,7.19549771216438,8.0
710,23.666666666666668,0.905851755526658,0,5.561932920115979,0.0,7.0,7.0
711,23.7,0.8906484861498819,0,5.253079603524419,-0.07780387799184041,7.390995424328755,9.0
712,23.733333333333334,0.8913393720239161,0,5.305926043221973,-0.07923424704395643,7.390995424328757,9.0
713,23.766666666666666,0.8909432611419367,0,6.480300843255648,0.5314125090242499,6.977488560821892,10.0
714,23.8,0.8906454211798407,0,6.309974717836148,0.49189784498068434,7.172986272986276,11.0
715,23.833333333333332,0.890663038808535,0,6.297826780540966,0.49189784498068434,7.172986272986276,11.0
716,23.866666666666667,0.8907170351803778,0,6.144294485621984,0.45289445632542424,7.368483985150649,12.0
717,23.9,0.8920096503546865,0,6.2917528118933745,0.49189784498068434,7.172986272986276,11.0
718,23.933333333333334,0.8922018761590954,0,6.2917528118933745,0.49189784498068434,7.172986272986276,11.0
719,23.966666666666665,0.8922295837534208,0,6.439120068937498,0.5308606318447744,6.977488560821892,10.0
720,24.0,0.9010171716066937,0,6.233701437565145,0.48298757142774207,7.172986272986267,11.0
721,24.033333333333335,0.9013511788625299,0,7.874043535561604,1.207549200783518,6.1729862729862734,9.0
722,24.066666666666666,0.9014205218913547,0,6.386023292799848,0.5212428902842419,6.977488560821891,10.0
723,24.1,0.9007434944237919,0,6.545374323160544,0.5594581295061118,6.781990848657509,9.0
724,24.133333333333333,0.9008923591745678,0,6.339102749304594,0.5117432643271513,6.977488560821891,10.0
725,24.166666666666668,0.9005762081784386,0,5.061610142495276,-0.11440553031530953,7.586493136493134,10.0
726,24.2,0.8941527715187021,0,1.4742413634229408,-1.3887165582655996,7.999999999999998,10.0
727,24.233333333333334,0.8935315538536622,0,3.690025782006309,-0.724284519454045,8.195497712164377,10.0
728,24.266666666666666,0.8941585274229902,0,3.6821689449505115,-0.724284519454045,8.195497712164377,10.0
729,24.3,0.8752093164865277,0,4.290873762996256,-0.7609572171340631,9.390995424328755,12.0
730,24.333333333333332,0.8753330288498135,0,2.9469359439285583,-1.360330783277675,10.000000000000005,12.0
731,24.366666666666667,0.8749452849938149,0,5.014144180957864,-0.7461536258793728,10.390995424328755,13.0
732,24.4,0.8966889464127034,0,2.9166457808886364,-1.360330783277675,10.000000000000005,12.0
733,24.433333333333334,0.8969155844155844,0,4.380415469977201,-0.7101960054466758,9.195497712164386,11.0
734,24.466666666666665,0.8939887131878503,0,0.9542251181993819,-1.912639298175577,9.413506863506864,10.288412485382196
735,24.5,0.8908026854044744,0,4.5110893420837,-0.6734844167717426,9.000000000000004,10.0
736,24.533333333333335,0.8911209006363191,0,4.503536496654583,-0.6734844167717426,9.000000000000004,10.0
737,24.566666666666666,0.8909660369971616,0,4.614074246352743,-0.6257031128242829,8.804502287835623,9.096137495127437
738,24.6,0.8941833521478225,0,4.461322610283446,-0.6610323067677655,8.999999999999998,10.0
739,24.633333333333333,0.8944199037299685,0,4.453812587115003,-0.6610323067677655,8.999999999999998,10.0
740,24.666666666666668,0.8944637020897296,0,3.2535980679248766,-1.203803590132651,9.413506863506864,10.028595983141457
741,24.7,0.8910141902334263,0,4.438792540778124,-0.6610323067677655,8.999999999999998,10.0
742,24.733333333333334,0.891643912624478,0,4.404723990286733,-0.6487691845096606,9.0,10.0
743,24.766666666666666,0.8915007226593865,0,3.2110216868533428,-1.203803590132651,9.413506863506864,10.028595983141457
744,24.8,0.8955491671254103,0,4.534922242991435,-0.614096390636945,8.804502287835627,9.09613749512738
745,24.833333333333332,0.8953410133550821,0,5.907994033555681,-0.03532919394348255,8.195497712164379,9.0
746,24.866666666666667,0.8955665225548577,0,2.27338476737782,-1.238476384005395,8.609004575671237,9.192274990254774
747,24.9,0.8950266808964781,0,4.644437049042629,-0.5781485074791988,8.609004575671236,8.998915956675376
748,24.933333333333334,0.8952964536584325,0,4.630069611482519,-0.577530379880244,8.609004575671241,8.998915956675404
749,24.966666666666665,0.895134604299652,0,4.441732680075141,-0.6013813070193237,8.804502287835621,9.096137495127394
750,25.0,0.8946506066778851,0,4.704984128316575,-0.5322211602275218,8.413506863506864,9.028595983141429
751,25.033333333333335,0.8939729179573414,0,4.6850807573127895,-0.5322211602275218,8.413506863506864,9.028595983141429
752,25.066666666666666,0.8943152397601293,0,7.033860930236671,0.06908608712473097,8.609004575671246,9.192274990254816
753,25.1,0.8949094666846386,0,4.658000842756735,-0.5316505634204987,8.413506863506864,9.028595983141429
754,25.133333333333333,0.8949047447879224,0,6.078130913783745,0.033881095621069335,7.804502287835625,8.09613749512738
755,25.166666666666668,0.894884640442118,0,4.607734061130671,-0.5217323856446399,8.413506863506862,9.028595983141443
756,25.2,0.9049554916941193,0,8.826051525992696,1.1037754487033453,6.977488560821894,9.0
757,25.233333333333334,0.9044215542008268,0,11.854613355677628,2.249212371953547,6.150474833808166,11.0
758,25.266666666666666,0.9045016002055739,0,13.05315646468388,2.7399863245413485,5.932465682465683,13.0
759,25.3,0.9002176896502768,0,14.757926920974057,3.3494978871044054,5.323461106794438,13.0
760,25.333333333333332,0.8999455840253626,0,16.370684269152846,3.9389048713214834,4.909954243287577,14.0
761,25.366666666666667,0.8998888179216048,0,16.17168721825429,3.865981399328575,4.909954243287579,14.0
762,25.4,0.9041307308216069,0,13.926905847668422,3.343647671524991,4.714456531123197,14.0
763,25.433333333333334,0.9046624597085395,0,13.899901231446762,3.371185377066581,4.909954243287574,15.0
764,25.466666666666665,0.9044808643936987,0,14.06219339571561,3.434120938366192,4.909954243287574,15.0
765,25.5,0.9078276047261009,0,15.598506759724827,4.060880039395784,4.554027650239773,16.0
766,25.533333333333335,0.908773578572867,0,15.551179869272389,4.060880039395784,4.554027650239772,16.0
767,25.566666666666666,0.9086840750934193,0,15.50385297881995,4.060880039395784,4.554027650239773,16.0
768,25.6,0.9163957472981284,0,10.05999629859538,2.2345241299508984,4.932465682465683,13.0
769,25.633333333333333,0.9163060430990928,0,8.707389091863476,1.6741706011316921,5.15047483380817,11.0
770,25.666666666666668,0.9163920741619437,0,7.213823789414732,1.0821464112460717,5.563981697315031,10.0
771,25.7,0.9098860380447662,0,10.264259065868231,2.3181205607621678,4.736967970301303,12.0
772,25.733333333333334,0.9093219608856724,0,16.891893332519388,4.304542591115563,4.7144565311232,13.0
773,25.766666666666666,0.9087893864013267,0,15.914554537218237,4.299930109919387,4.137387882498079,14.0
774,25.8,0.9085929040066246,0,11.287931092990547,2.3977274364308983,5.345972545972546,11.0
775,25.833333333333332,0.9083826869600289,0,8.851346961344774,1.7462870194871414,4.9549771216437914,10.0
776,25.866666666666667,0.9095559517744948,0,7.377336651736556,1.142041722993639,5.368483985150654,9.0
777,25.9,0.9039177958816064,0,12.81998883866288,3.0654398353836427,4.736967970301306,11.0
778,25.933333333333334,0.9041799721608123,0,14.099058848002372,3.688455552154039,4.714456531123197,14.0
779,25.966666666666665,0.9040260351638455,0,18.41564439971897,5.141245158528875,4.318997276573033,14.0
780,26.0,0.9056405701134574,0,16.796845808345665,4.47267831916335,4.714456531123195,13.0
781,26.033333333333335,0.9057099014698756,0,16.760480210017803,4.477265903607645,4.714456531123193,13.0
782,26.066666666666666,0.9057925659714511,0,13.756945528572999,3.1695894218942726,5.541470258136923,11.0
783,26.1,0.9039830290053332,0,8.276309776458838,1.2050330852586058,6.1729862729862734,9.0
784,26.133333333333333,0.9042198778456413,0,8.421180835405018,1.2444659015260982,5.977488560821895,8.0
785,26.166666666666668,0.9043907663017611,0,4.60721906415138,-0.038841146177759356,6.195497712164381,7.0
786,26.2,0.8993750479257726,0,6.859837390077253,0.5982587839910138,6.586493136493138,8.0
787,26.233333333333334,0.8993271866434089,0,2.961808334055064,-0.7141567842936354,7.0,8.0
788,26.266666666666666,0.8993578069586887,0,2.9693085734347733,-0.7149038081606136,7.0,8.0
789,26.3,0.9014185738604124,0,2.984618367435509,-0.7149038081606136,7.0,8.0
790,26.333333333333332,0.9041743389206325,0,2.9922732644358803,-0.7149038081606136,7.0,8.0
791,26.366666666666667,0.904019890677194,0,2.9999281614362516,-0.7149038081606136,6.999999999999998,8.0
792,26.4,0.9014233576642335,0,2.870461002552233,-0.7538665950247037,7.1954977121643795,9.0
793,26.433333333333334,0.9011823091519486,0,1.9510446870447709,-0.8066477195912398,6.390995424328752,9.0
794,26.466666666666665,0.9013393182979345,0,4.3108753575179435,-0.11688838797820722,6.586493136493135,9.0
795,26.5,0.8918761577136809,0,2.938148494539824,-0.7685635794630628,7.195497712164382,9.0
796,26.533333333333335,0.8922132448929189,0,1.5730049693269592,-1.4328338159862426,7.804502287835618,9.0
797,26.566666666666666,0.8922308859330346,0,5.310904459057731,-0.07939840944641219,7.39099542432876,9.0
798,26.6,0.8908251728616055,0,3.8087370965634335,-0.7826314328336821,8.195497712164379,10.0
799,26.633333333333333,0.8910239536720189,0,1.496102926570913,-1.4733192771022345,7.999999999999995,10.0
800,26.666666666666668,0.8910884138850865,0,1.3611710256538458,-1.5122820639663246,8.195497712164379,11.0
801,26.7,0.8910765487879051,0,1.3939055405371619,-1.538269942261394,8.195497712164379,11.0
802,26.733333333333334,0.8912159343715239,0,3.5543762819613747,-0.8627545249053412,8.586493136493136,12.0
803,26.766666666666666,0.8908853940394474,0,3.562981299272117,-0.8618656798776101,8.586493136493136,12.0
804,26.8,0.888486332942117,-1,5.11323330964705,-0.16461782564974214,7.7819908486575144,11.0
805,26.833333333333332,0.8884353047235121,0,2.731709960031843,-0.936244080236861,7.7819908486575144,12.0
806,26.866666666666667,0.8883842765049073,0,5.167864076101104,-0.1677383217943884,7.781990848657512,11.0
807,26.9,0.883832903838329,0,5.171073658005874,-0.1677383217943884,7.781990848657512,11.0
808,26.933333333333334,0.8838009663473765,0,5.023852458685681,-0.20977862590927998,7.977488560821895,12.0
809,26.966666666666665,0.8837311813373118,0,6.442513292955702,0.5306215777078762,7.172986272986272,11.0
810,27.0,0.8889418818559651,0,7.407588576625837,0.5732363464132959,7.977488560821894,11.0
811,27.033333333333335,0.8890875955921176,-1,7.394887230364937,0.5732363464132959,7.977488560821894,11.0
812,27.066666666666666,0.8891879461015622,-1,8.636698421723104,1.2841047790678886,7.368483985150658,11.0
813,27.1,0.8900119108388633,-1,6.5502463783289215,0.5732363464132959,6.977488560821894,10.0
814,27.133333333333333,0.8900953029271613,-1,6.543895705198473,0.5732363464132959,6.977488560821894,10.0
815,27.166666666666668,0.8902030189064547,-1,8.747853073982167,1.3274682305579404,7.172986272986272,10.0
816,27.2,0.8882470221358826,-1,7.610379614341767,1.242022148014172,6.563981697315038,11.0
817,27.233333333333334,0.8881145096702735,-1,8.734098341234677,1.3274682305579404,7.172986272986272,10.0
818,27.266666666666666,0.8882489264535478,-1,8.734098341234677,1.3274682305579404,7.172986272986272,10.0
819,27.3,0.8832628909551986,-1,8.706588875739705,1.3274682305579404,7.172986272986272,10.0
820,27.333333333333332,0.8832051390415011,0,8.692834142992215,1.3274682305579404,7.172986272986272,10.0
821,27.366666666666667,0.8831634291897009,0,6.576643474623161,0.5833470006983816,6.977488560821891,10.0
822,27.4,0.8823927116610043,0,6.570307376681495,0.5833470006983816,6.977488560821891,10.0
823,27.433333333333334,0.882518971724103,0,7.680809390444814,1.2853855995042238,6.368483985150652,10.0
824,27.466666666666665,0.882157101331711,0,7.909104718483352,1.3507483891113452,6.172986272986271,9.0
825,27.5,0.8812519950941684,0,7.653834773668084,1.2853855995042238,6.368483985150652,10.0
826,27.533333333333335,0.8810688177464079,-1,9.810066454061314,2.052786987917159,6.563981697315032,10.0
827,27.566666666666666,0.8811104202725638,0,7.722000432381368,1.3079206350556944,6.3684839851506485,10.0
828,27.6,0.8850574712643678,-1,8.783747185572905,2.012654071911726,5.759479409479402,10.0
829,27.633333333333333,0.8848564056164337,-1,8.625284826432457,1.9723946812802353,5.9549771216437914,11.0
830,27.666666666666668,0.8847855227882038,-1,8.604957714276388,1.9723946812802353,5.9549771216437914,11.0
831,27.7,0.8833673776914577,-1,6.459668544749928,1.2046842845015249,5.759479409479413,11.0
832,27.733333333333334,0.8833132409081776,-1,6.446719440574174,1.2046842845015249,5.759479409479413,11.0
833,27.766666666666666,0.8833595659890827,-1,6.369044799187915,1.1815037314466394,5.95497712164379,12.0
834,27.8,0.8778220451527224,0,8.494963479630384,1.976297273058151,5.954977121643791,11.0
835,27.833333333333332,0.8780090978517117,0,8.46030478647879,1.978249517981908,5.954977121643789,11.0
836,27.866666666666667,0.878011123101187,-1,5.354072771932445,0.5006106386853162,6.368483985150649,11.0
837,27.9,0.8753568346278962,-1,9.514862122786788,2.065003713857436,6.563981697315029,10.0
838,27.933333333333334,0.8749875535198646,-1,8.424947199867828,1.3367440602406475,7.172986272986279,10.0
839,27.966666666666665,0.875020744133559,-1,8.551296855906898,1.3790810359361956,6.977488560821897,9.0
840,28.0,0.8806355015804359,-1,10.44599274013227,2.114628932194762,7.172986272986279,9.0
841,28.033333333333335,0.8806188654134087,-1,9.604785964460806,2.114628932194762,6.172986272986277,8.0
842,28.066666666666666,0.8806501522234607,-1,10.424552446580277,2.114628932194762,7.172986272986279,9.0
843,28.1,0.8851564414672004,-1,11.589322829658629,2.2391628927188094,7.586493136493139,10.0
844,28.133333333333333,0.8859193147639597,-1,12.499258624689682,2.280590101054429,8.390995424328759,11.0
845,28.166666666666668,0.886004348607955,-1,14.553011931003173,3.0846123621165873,8.195497712164382,12.0
846,28.2,0.8863226037312341,-1,13.68472289019183,2.407024932645953,8.804502287835627,12.0
847,28.233333333333334,0.8858164675282452,-2,16.477363048743793,3.858044407999415,8.390995424328754,13.0
848,28.266666666666666,0.8861407873554807,-2,15.791132432120383,3.2249610813445884,8.804502287835625,13.0
849,28.3,0.8894800948778768,-2,15.577973453870092,3.1689719225415445,8.804502287835621,13.0
850,28.333333333333332,0.8895157800253249,-2,16.571857600656408,3.898654576000297,8.195497712164379,13.0
851,28.366666666666667,0.8898541432921943,-2,14.593928081211935,3.125222530117469,8.000000000000004,12.0
852,28.4,0.8900993425157172,-1,12.723813005075332,2.363318473682,8.0,11.0
853,28.433333333333334,0.8901490913744561,-1,12.610044287133741,2.3243817144087586,8.0,11.0
854,28.466666666666665,0.8902593143606725,-1,12.684173568154606,3.000254119770375,6.586493136493132,10.0
855,28.5,0.8874371537451564,-1,11.591481664094582,2.2407741947502586,7.390995424328759,10.0
856,28.533333333333335,0.8874549675766552,-1,10.525161636705965,2.1571677129882687,6.781990848657519,9.0
857,28.566666666666666,0.8875100080064051,-1,10.547169260107694,2.1571677129882687,6.78199084865752,9.0
858,28.6,0.8885710152847202,-1,8.340439542845482,1.328695877878829,6.977488560821891,9.0
859,28.633333333333333,0.8879514006074924,-1,9.152833458043688,1.95487843728813,6.563981697315024,10.0
860,28.666666666666668,0.8880585020893603,-1,7.291057658034937,1.2458364797267052,6.368483985150647,10.0
861,28.7,0.8883916990920881,-1,7.983272202729996,1.828884431103603,6.150474833808163,12.0
862,28.733333333333334,0.8883663607174132,-1,8.115133179422061,1.8598495932384083,6.150474833808163,12.0
863,28.766666666666666,0.8883231445296664,-1,8.966914507298956,2.4855000149960063,5.736967970301298,13.0
864,28.8,0.8919252239387252,0,6.129601567564931,1.1164341740221744,5.954977121643783,12.0
865,28.833333333333332,0.891656389952619,0,6.29078091105708,1.1559093867064405,5.759479409479409,11.0
866,28.866666666666667,0.8916401635620173,-1,5.362315746432387,0.5115878944308463,6.172986272986272,10.0
867,28.9,0.8878616703340011,0,5.209007051331014,0.4616672465003262,6.368483985150646,11.0
868,28.933333333333334,0.8882447612165801,0,7.412035952349449,1.192025480138767,6.368483985150645,10.0
869,28.966666666666665,0.8880239127578505,-1,5.488899818042846,0.5314125090242499,5.977488560821893,9.0
870,29.0,0.8970270040037482,0,5.346575430977548,0.4824826997391938,6.172986272986271,10.0
871,29.033333333333335,0.8970951529091064,0,5.179001796100515,0.43521458272337554,6.368483985150652,11.0
872,29.066666666666666,0.8970645859243233,-1,6.2730093496045995,0.5101303874615155,6.977488560821895,10.0
873,29.1,0.8959633303779045,-1,3.9508661186455356,-0.18679638721354763,6.9774885608218895,11.0
874,29.133333333333333,0.8961477961109809,-1,6.0903037815998715,0.46402603218913896,7.172986272986269,11.0
875,29.166666666666668,0.8962562549160712,-1,6.096311323195778,0.46402603218913896,7.172986272986269,11.0
876,29.2,0.9020914616788627,0,3.9100319039562166,-0.18316935139182533,6.977488560821897,11.0
877,29.233333333333334,0.9019289374099997,0,5.181941953700516,0.4263336233761379,6.368483985150656,11.0
878,29.266666666666666,0.9019423978566644,0,3.9087157435676474,-0.18316935139182533,6.977488560821897,11.0
879,29.3,0.9003749772866181,0,5.181941953700516,0.4263336233761379,6.368483985150656,11.0
880,29.333333333333332,0.9004641482631605,0,3.943314860367643,-0.18640246985705744,6.977488560821897,11.0
881,29.366666666666667,0.9005682756797833,0,6.241902771119754,0.5002470147227598,6.977488560821894,10.0
882,29.4,0.9005165424349418,0,6.099283142180589,0.4635354260478266,7.1729862729862734,11.0
883,29.433333333333334,0.9003203870799006,0,6.24502947580887,0.5007765435655642,6.977488560821894,10.0
884,29.466666666666665,0.9002680877496976,0,6.24502947580887,0.5007765435655642,6.977488560821894,10.0
885,29.5,0.9005117374705548,0,5.17887976464219,0.42678491467140134,6.368483985150649,11.0
886,29.533333333333335,0.9005346203220722,0,5.17887976464219,0.42678491467140134,6.368483985150649,11.0
887,29.566666666666666,0.9005541021432866,0,5.17887976464219,0.42678491467140134,6.368483985150649,11.0
888,29.6,0.9029453285420944,-1,5.460801398889011,0.5007765435655642,5.977488560821894,9.0
889,29.633333333333333,0.9026964597937153,0,5.372325032062882,0.4721948890088754,6.1729862729862734,10.0
890,29.666666666666668,0.903030205810167,0,3.314350357067582,-0.14935823426543493,5.781990848657515,9.0
891,29.7,0.9024895934674089,-1,5.454530482021845,0.5007765435655642,5.977488560821894,9.0
892,29.733333333333334,0.9023157156071576,-1,5.599574905461324,0.5380570067664792,5.781990848657513,8.0
893,29.766666666666666,0.9022503628331286,-1,6.874053959422554,1.1602651652924862,5.1729862729862734,8.0
894,29.8,0.9092157172163484,-1,6.718506303381922,1.123514653916061,5.368483985150649,9.0
895,29.833333333333332,0.9089073296942543,-1,6.795971671098755,1.1444424657115349,5.368483985150652,9.0
896,29.866666666666667,0.9089632539720105,-1,5.859626585567277,1.1069648139215076,4.563981697315036,9.0
897,29.9,0.9054071066628899,-1,6.786966210776043,1.1456441602080645,5.368483985150652,9.0
898,29.933333333333334,0.9060223141926448,-1,3.3496914813240224,-0.15246074186407554,5.781990848657511,9.0
899,29.966666666666665,0.9061895094660308,-1,4.62602749405692,0.4824826997391938,5.172986272986271,9.0
900,30.0,0.9025372851365016,-1,3.350655117986726,-0.1526207695371795,5.7819908486575144,9.0
901,30.033333333333335,0.902769658572038,-1,5.567234541775498,0.5212428902842419,5.9774885608218895,9.0
902,30.066666666666666,0.9025107048618243,-1,5.715303321613618,0.5600435447691439,5.7819908486575144,8.0
903,30.1,0.9064185459706671,-1,5.718261868767819,0.560629372090375,5.781990848657513,8.0
904,30.133333333333333,0.9064870747440973,-1,7.172512801139028,1.248364173054938,4.977488560821892,7.0
905,30.166666666666668,0.9065787605873724,-1,7.0272203163975036,1.210068745639603,5.172986272986272,8.0
906,30.2,0.9096418119353608,0,4.986056681547765,0.5715613635416332,4.781990848657513,7.0
907,30.233333333333334,0.9094494449922076,0,4.986056681547765,0.5715613635416332,4.781990848657513,7.0
908,30.266666666666666,0.9092672687953187,0,5.136030058916148,0.6111989944973004,4.586493136493134,6.0
909,30.3,0.9081000821381184,-1,7.261833150212375,1.2739400301990713,4.97748856082189,7.0
910,30.333333333333332,0.9076480899515184,-1,5.034499162189142,0.5826258142986376,4.78199084865751,7.0
911,30.366666666666667,0.9078961916947037,-1,6.524664494033864,1.2971641808476306,3.9774885608218895,6.0
912,30.4,0.90647220554309,0,5.089293453176893,0.5938130174911862,4.78199084865751,7.0
913,30.433333333333334,0.9063443153985936,0,6.600518925673228,1.321964836954237,3.9774885608218904,6.0
914,30.466666666666665,0.9063586372542822,0,6.6047853257103455,1.323309696847872,3.977488560821892,6.0
915,30.5,0.9043618331701463,0,4.31894489303312,0.6051120993756456,3.781990848657512,6.0
916,30.533333333333335,0.9050499944713855,0,4.31894489303312,0.6051120993756456,3.781990848657512,6.0
917,30.566666666666666,0.9046784179934294,0,5.535155745867506,1.2629992660718585,3.3684839851506445,7.0
918,30.6,0.9076935191747382,0,6.665702942962319,1.3483565134193611,3.977488560821885,6.0
919,30.633333333333333,0.9077104827912105,0,5.681268407085049,1.3069713266937697,3.1729862729862695,6.0
920,30.666666666666668,0.9076617730451767,0,4.3586162472108185,0.6165109627070819,3.7819908486575153,6.0
921,30.7,0.9113094583339881,-1,5.885478728228364,1.3736080091580334,2.977488560821894,5.0
922,30.733333333333334,0.9115238948344413,-1,5.71835429420463,1.3314406689236762,3.1729862729862743,6.0
923,30.766666666666666,0.9114467108778326,-1,5.778054339125113,1.3547445473520554,3.172986272986276,6.0
924,30.8,0.911392604994235,-1,4.5437674866510065,0.6721957577852891,3.586493136493136,5.0
925,30.833333333333332,0.9113276376671984,-1,5.926512603393853,1.4004090754095557,2.9774885608218953,5.0
926,30.866666666666667,0.9113094297899226,-1,4.432053920794978,0.6401784277017271,3.78199084865751,6.0
927,30.9,0.9107762877074507,-1,8.299343939127326,2.186961934433185,3.1729862729862703,5.0
928,30.933333333333334,0.910606784519828,-1,4.622875953741286,0.6969686401761237,3.5864931364931323,5.0
929,30.966666666666665,0.9104907799611452,0,5.952393831154907,1.427363058365131,2.977488560821891,5.0
930,31.0,0.9095795029760473,0,6.171843261660548,1.4976294193350554,2.7819908486575153,4.0
931,31.033333333333335,0.9056746127297536,0,6.157753005291376,1.4976294193350554,2.7819908486575153,4.0
932,31.066666666666666,0.9057036906233445,0,4.654509055624587,0.7094232986880797,3.586493136493133,5.0
933,31.1,0.8911569009682461,0,7.063105231854259,1.5241641836535962,3.781990848657517,5.0
934,31.133333333333333,0.8909867096254531,0,8.292399951903391,2.258619266412495,3.368483985150648,6.0
935,31.166666666666668,0.8910259508046199,0,5.913549676289023,1.455592595740825,3.172986272986271,6.0
936,31.2,0.9018987854907493,0,6.062612647324173,1.5031320218335509,2.9774885608218957,5.0
937,31.233333333333334,0.8934345154124305,0,6.049009375356235,1.5031320218335509,2.9774885608218957,5.0
938,31.266666666666666,0.901754442858996,0,7.283451599982293,2.249320996410745,2.563981697315029,6.0
939,31.3,0.898679487387724,0,5.929761581899783,1.480510502504842,3.172986272986278,6.0
940,31.333333333333332,0.8983667240315615,0,5.916557348555855,1.480510502504842,3.172986272986278,6.0
941,31.366666666666667,0.898407441679248,0,5.920023938881656,1.4818530650300659,3.172986272986274,6.0
942,31.4,0.9002553800608357,0,3.516086565153259,0.650673419382656,2.9774885608218953,6.0
943,31.433333333333334,0.9000390472471691,0,6.082110714310332,1.5544878049895772,2.9774885608218944,5.0
944,31.466666666666665,0.8999154031365914,0,3.535326504936478,0.6614709911825969,2.9774885608218957,6.0
945,31.5,0.8928513377328435,0,4.5791132104176455,0.7106495436734122,3.781990848657518,6.0
946,31.533333333333335,0.8924850041451956,0,4.412120983359941,0.6620517889656412,3.977488560821899,7.0
947,31.566666666666666,0.8922446723776394,0,4.447646348224687,0.6722007192370825,3.977488560821893,7.0
948,31.6,0.8964321755265471,0,2.0486738271253344,-0.200299385726197,3.7819908486575153,7.0
949,31.633333333333333,0.8964680989583333,0,5.774854899833564,1.5064797351561765,3.368483985150649,7.0
950,31.666666666666668,0.89658203125,0,3.5555675217828266,0.6834090028540913,2.9774885608218944,6.0
951,31.7,0.8917937307767816,0,4.719456765622816,1.4784861197862256,2.5639816973150262,7.0
952,31.733333333333334,0.8919454081298684,-1,3.565123123641044,0.6933579506348622,2.977488560821888,6.0
953,31.766666666666666,0.8919746015121265,-1,2.325038584670935,0.5913938662754958,2.3684839851506467,7.0
954,31.8,0.884704613775977,0,4.710218930509242,1.5009188379788725,2.5639816973150267,7.0
955,31.833333333333332,0.8845456475930675,0,7.263696272144969,2.4759454091006035,2.563981697315028,6.0
956,31.866666666666667,0.8845418756227845,0,5.8017079304606085,1.5747823947820905,3.368483985150648,7.0
957,31.9,0.8866751725717277,0,3.580081766283442,0.7139358608555995,2.9774885608218953,6.0
958,31.933333333333334,0.8868421483141656,0,4.721266107992356,1.5435390359930636,2.5639816973150302,7.0
959,31.966666666666665,0.8868186874304783,0,3.5708388157716655,0.714480828131741,2.977488560821893,6.0
960,32.0,0.8889347510236428,0,4.679447925789024,1.5446977686982848,2.5639816973150276,7.0
961,32.03333333333333,0.8889806161872998,0,4.699369825466931,1.5647883593108816,2.563981697315031,7.0
962,32.06666666666667,0.8887935019480948,0,5.783003048909688,1.6191940592894696,3.368483985150651,7.0
963,32.1,0.8885730340792649,0,5.598011192221385,1.5659203481321526,3.5639816973150333,8.0
964,32.13333333333333,0.8886152116773841,0,3.2432045702771646,0.6253025351118708,3.3684839851506525,8.0
965,32.166666666666664,0.8886354244152409,-1,3.238561209525624,0.6253025351118708,3.368483985150654,8.0
966,32.2,0.8885761672613962,0,4.310042746470412,1.4774712636017853,2.954977121643792,9.0
967,32.233333333333334,0.8884719127477425,0,4.127254360820491,1.423393241693077,3.150474833808164,10.0
968,32.266666666666666,0.8884272599343296,0,4.119690246780692,1.4243790180165377,3.1504748338081634,10.0
969,32.3,0.8886230950668295,0,18.58956778949884,8.858718382860161,4.4616619920568485,16.0
970,32.333333333333336,0.8864734703433053,-1,15.274001939388851,6.969620407315176,3.712536789809517,13.0
971,32.36666666666667,0.8869303453466009,-1,14.495016217163965,6.195503380963629,3.3269662139037672,10.0
972,32.4,0.8860591612664943,-2,16.865353250526162,4.743128882068021,6.586493136493134,11.0
973,32.43333333333333,0.8856658441187826,-2,15.113352680574938,2.385146481932054,8.30656314148049,12.031786395422728
974,32.46666666666667,0.8856989355629428,-1,15.054972125339425,1.5974683573390678,9.626038712333472,13.71869824900125
975,32.5,0.6678204434829638,-1,9.063023361493528,0.5051742290191328,6.311691346608692,8.865237456146474
976,32.53333333333333,0.6622964419036627,0,8.148800272935572,1.3944065718500553,4.116819623086839,6.042947308787518
977,32.56666666666667,0.662241861303995,0,5.774377567846208,1.2484107965067892,2.60900457567123,4.0
978,32.6,0.7507030067056024,-1,10.6375472663132,4.231280637554391,4.9198749461605304,15.0
979,32.63333333333333,0.7500720305409494,-1,15.913953241280545,7.019016998562449,7.948717948717937,26.0
980,32.666666666666664,0.7508653638133699,-1,15.109122641057862,6.491559695626108,9.99999999999999,35.0
981,32.7,0.781743119266055,0,3.8266056120623295,0.33319370338841736,14.276214369924201,57.0
982,32.733333333333334,0.7817798165137615,0,-4.209380030272213,-4.1522478651165216,17.512204531006184,71.0
983,32.766666666666666,0.7829065794790786,1,-3.516008716170282,-3.5313937038987717,20.207764989491327,82.0
984,32.8,0.8094236142251043,0,-3.227473217396943,2.227807329087227,20.752374169040838,64.0
985,32.833333333333336,0.8121787883507242,1,1.3237854244539697,8.340598570004971,23.864931364931373,54.0
986,32.86666666666667,0.81259089964679,1,4.898823138141676,12.458995645609406,25.736967970301293,48.0
987,32.9,0.854306312999139,1,-3.768386648357559,10.230616205636267,27.000000000000007,37.0
988,32.93333333333333,0.8543329823011856,1,-8.231456632241276,9.464378322416792,28.045022878356214,30.96137495127391
989,32.96666666666667,0.8508123079001587,1,-10.195377364889957,8.915555417046619,27.87203660536993,31.083700607116555
990,33.0,0.8608167135069245,2,-18.388806353717975,5.4680326641885415,27.308054908054906,32.356972993336626
991,33.03333333333333,0.8613792636249704,2,-22.144581269890384,4.17217656492474,27.135068635068627,33.97036409157619
992,33.06666666666667,0.8646881544669766,2,-25.779581213739526,2.8531341277444824,26.96208236208235,35.71871501623565
993,33.1,0.8600221893491125,2,-28.37943418214865,-1.2870620846689746,22.112557195890524,29.40343737818472
994,33.13333333333333,0.859896157142137,2,-29.355621939439036,-2.9942943371608237,19.89454804454804,26.983459301641062
995,33.166666666666664,0.8598840628413005,3,-27.199999345142178,-2.9046645517713046,18.090045756712435,24.892671862368843
996,33.2,0.8680092873006259,2,-17.336868161012582,0.6595681676538732,15.43630512941807,21.555555555555543
997,33.233333333333334,0.8681864064602961,2,-12.328272803138058,2.403513872453175,14.148231270820801,20.131607568705874
998,33.266666666666666,0.8680743669554976,0,-5.205093180080844,5.056328663452007,12.761112966209385,18.618696441469638
999,33.3,0.8745348308552376,0,-2.4171293152519606,5.846190118279338,11.683069017504282,17.57314545468813
1000,33.333333333333336,0.8746906409414617,0,-0.4217003041633749,6.667512540005674,11.483786702703133,17.466431996735025
1001,33.36666666666667,0.8744969945953227,1,-0.4974167390380293,6.627065839372904,11.46911977251739,17.52759446790668
1002,33.4,0.8695958056248848,1,2.6638177743349916,7.597931863676791,10.484504387902003,16.390493905645485
1003,33.43333333333333,0.8700582953631734,0,4.8686752254147105,8.536354865955445,10.285222073100858,16.314555814555774
1004,33.46666666666667,0.869883432705835,0,3.97249819280422,7.710092873743378,9.713838248273511,15.285959831414289
1005,33.5,0.8704150251324548,0,7.970962825166349,9.40310475195588,9.304180892059678,15.201478656024108
1006,33.53333333333333,0.8694464706780437,0,7.970962825166349,9.40310475195588,9.304180892059678,15.201478656024108
1007,33.56666666666667,0.8691824966078697,0,9.971103587106205,10.204547355087016,9.10244278389366,15.158633020891898
1008,33.6,0.8727601290300788,0,10.244342681752482,10.357180322029876,9.102442783893668,15.158633020891955
1009,33.63333333333333,0.87217118151726,0,2.1462798762656226,5.767023507094109,8.285543468876805,12.109009855566285
1010,33.666666666666664,0.8720127007718421,1,-1.4894887092001081,3.4013035753854126,8.045022878356217,10.033082110217038
1011,33.7,0.8662581231691303,1,-2.0904994034509325,2.732074898601269,8.022511439178107,9.016541055108576
1012,33.733333333333334,0.866120126590802,1,-5.122246695086418,1.0114399920613835,7.999999999999997,9.0
1013,33.766666666666666,0.8663198828342002,1,-8.37580832439621,-0.8021677730901047,7.781990848657513,10.0
1014,33.8,0.8712270258453985,1,-7.271247983745274,-0.7467349733978494,6.977488560821895,10.0
1015,33.833333333333336,0.8711814253770238,1,-9.719181306706304,-1.7789325685236008,6.977488560821898,9.0
1016,33.86666666666667,0.8712356867822373,1,-10.740380751140602,-2.653826568337479,6.563981697315029,10.0
1017,33.9,0.8704269829005274,0,-10.98617228060128,-2.738657377749746,6.368483985150661,9.0
1018,33.93333333333333,0.8699470988328155,0,-10.920657102747823,-2.7104242408293544,6.368483985150652,9.0
1019,33.96666666666667,0.8699405461690908,1,-11.081071340955917,-2.7652833876745717,6.172986272986277,8.0
1020,34.0,0.8857462365591398,1,-11.167058079008727,-2.7958380976479305,6.1729862729862734,8.0
1021,34.03333333333333,0.885341223829758,1,-10.05792489486536,-2.740332612651798,5.368483985150647,8.0
1022,34.06666666666667,0.885293004370118,1,-7.788313160133853,-1.7611520893980526,5.172986272986272,8.0
1023,34.1,0.863144814615798,1,-10.293846199578056,-2.8252117884810843,5.172986272986284,7.0
1024,34.13333333333333,0.8618675083101098,1,-9.180100725975663,-1.9108984304329226,5.781990848657516,7.0
1025,34.166666666666664,0.8617910748463785,1,-9.180100725975663,-1.9108984304329226,5.781990848657516,7.0
1026,34.2,0.8686967359450264,1,-9.347942377365147,-1.9691930658394199,5.586493136493138,7.0
1027,34.233333333333334,0.8685478436657682,1,-9.347942377365147,-1.9691930658394199,5.586493136493138,7.0
1028,34.266666666666666,0.8684600613145571,1,-9.347942377365147,-1.9691930658394199,5.586493136493138,7.0
1029,34.3,0.87083876869907,1,-9.180100725975663,-1.9108984304329226,5.781990848657516,7.0
1030,34.333333333333336,0.8708038345584499,1,-9.180100725975663,-1.9108984304329226,5.781990848657516,7.0
1031,34.36666666666667,0.8707317073170732,1,-6.859435963315114,-0.9018610653835708,5.586493136493138,7.0
1032,34.4,0.8934328512932151,1,-8.04099821912531,-1.8526330175346288,4.977488560821898,7.0
1033,34.43333333333333,0.8936883390638768,1,-7.875747548441602,-1.7953551539091848,5.172986272986277,8.0
1034,34.46666666666667,0.8932421227197347,1,-7.875747548441602,-1.7953551539091848,5.172986272986277,8.0
1035,34.5,0.8808259183987157,1,-6.904444304513415,-1.7953551539091848,4.172986272986277,7.0
1036,34.53333333333333,0.8837049624937776,1,-6.906628656605889,-1.7963104959552822,4.172986272986276,7.0
1037,34.56666666666667,0.8804971319311663,1,-6.906628656605889,-1.7963104959552822,4.172986272986276,7.0
1038,34.6,0.8697441583093954,1,-5.717759149854828,-0.8440313776863491,4.781990848657519,7.0
1039,34.63333333333333,0.8696484657115504,1,-5.719154340748943,-0.8444657056339508,4.781990848657516,7.0
1040,34.666666666666664,0.8697156485664859,1,-5.719154340748943,-0.8444657056339508,4.781990848657516,7.0
1041,34.7,0.8886877513011088,1,-5.745751206173157,-0.8526633644169692,4.781990848657516,7.0
1042,34.733333333333334,0.8873667924134694,1,-5.579943277317543,-0.794571494921712,4.977488560821895,8.0
1043,34.766666666666666,0.8870249973924834,1,-7.942527487545171,-1.8312638459160269,5.1729862729862734,8.0
1044,34.8,0.8752131607984752,1,-5.430525254873896,-0.7422498755519484,5.172986272986277,9.0
1045,34.833333333333336,0.8754116997977028,1,-5.279609484385148,-0.688179774510985,5.368483985150654,10.0
1046,34.86666666666667,0.8728313122743983,1,-5.125092981541137,-0.6328239295250739,5.563981697315036,11.0
1047,34.9,0.8726968734325363,0,5.252581421032431,5.2258116811649415,9.345972545972545,23.0
1048,34.93333333333333,0.8728929765886287,0,10.106586744000257,7.844967861901438,11.323461106794445,31.0
1049,34.96666666666667,0.8727968964248687,0,14.586713488716963,10.32184820792122,12.909954243287578,37.0
1050,35.0,0.8749417404620814,0,17.427146018516066,11.674194655469108,13.496447379780708,41.0
1051,35.03333333333333,0.8744755943264301,0,21.368735714285638,13.93717524415473,14.614262471195435,44.0
1052,35.06666666666667,0.8745421855230738,0,23.74038166159719,15.144613674169847,15.052021950093575,46.0
1053,35.1,0.8726393866155513,1,3.235718647592364,8.477410621995944,16.7594794094794,31.0
1054,35.13333333333333,0.8729476088079878,1,-9.857934013380323,3.349093609218585,16.999999999999996,20.0
1055,35.166666666666664,0.8727187880201996,0,-15.380228723309777,1.7206955135276019,17.436018302684964,19.17677041184845
1056,35.2,0.8680496824370264,1,-24.90828398643076,-2.8838117655214717,16.654027454027467,21.220097421199398
1057,35.233333333333334,0.8682452038667529,1,-32.05733144283566,-6.303590912470497,16.117534317534325,24.0
1058,35.266666666666666,0.8681273116282155,2,-37.52805401978546,-9.454677923921167,15.671586054322518,26.0
1059,35.3,0.8696338330842973,2,-31.001407686352735,-8.184436482437803,12.330971460264385,21.0
1060,35.333333333333336,0.8695119289467941,1,-28.576447177127843,-8.942911462130041,9.43314835863045,18.0
1061,35.36666666666667,0.8706402433899787,1,-25.84549867238124,-8.645564932545454,7.847589216551573,16.0
1062,35.4,0.8782254796001081,1,-25.40738606682949,-9.706814559847999,5.740232598405245,14.0
1063,35.43333333333333,0.87765409368085,2,-23.47369651783125,-9.673270717672807,4.306772702181332,12.0
1064,35.46666666666667,0.8778085616785485,2,-22.398704262729034,-9.623100102872712,3.4808023014634584,11.0
1065,35.5,0.8843694940850743,1,-14.978118678890896,-6.5401633131136805,2.19277310792462,7.0
1066,35.53333333333333,0.8873945325683429,1,-10.523121847881082,-4.433158551045523,1.7224452858979986,5.0
1067,35.56666666666667,0.8875518952307018,0,-5.9462046748232975,-2.284446952852619,1.2692307692307665,3.0
1068,35.6,0.8868693988520794,0,-2.479783525536351,-1.1449899697059323,0.5128205128204997,1.0
1069,35.63333333333333,0.8890049885398409,1,-4.791768053049678,-2.228885646547269,0.7692307692307707,2.0
1070,35.666666666666664,0.8861909952209273,1,-2.4805013926553356,-1.1457628381751306,0.5128205128204997,1.0
1071,35.7,0.8772758814393814,2,-16.20424682740266,-9.992086481648357,9.407453677839355,29.0
1072,35.733333333333334,0.8773891926717658,2,-17.58383716211691,-9.89995274808237,12.442184863396985,44.0
1073,35.766666666666666,0.8774262823160155,2,-19.065588365024738,-10.438988546029293,14.62781984450947,53.0
1074,35.8,0.8877479228088985,1,-11.180805589345809,-6.440944790970519,11.226071991131683,42.0
1075,35.833333333333336,0.8881142320841993,0,-4.547055675631576,-2.939980860952346,9.392314280284896,36.0
1076,35.86666666666667,0.8883208742583218,0,-1.7016008776444238,-1.6591626089536362,8.669433652766983,32.0
1077,35.9,0.8922537939398023,0,-3.126296776303935,-2.356411359297482,7.8874428041094715,29.0
1078,35.93333333333333,0.8919232710752145,0,-3.475706477723431,-2.9920661315086363,8.105451955451969,27.0
1079,35.96666666666667,0.8921934962633812,0,-3.1787407121257445,-2.848210486597168,7.9099542432875865,26.0
1080,36.0,0.8887344929768461,0,-2.7745927612477317,-2.6610782339553793,7.518958818958818,24.0
1081,36.03333333333333,0.8890953839971872,0,-2.643143953674098,-2.5752720625620213,7.518958818958822,24.0
1082,36.06666666666667,0.8891046675148999,0,-1.7436188189489528,-1.7108773740197307,6.7144565311232,23.0
1083,36.1,0.8882557237751627,0,-6.803222016093763,-6.166832318446126,7.804502287835609,15.0
1084,36.13333333333333,0.8881806377632755,0,-6.109237342241158,-6.920059635866039,8.654027454027457,11.480453328938154
1085,36.166666666666664,0.8878378606235352,-1,-7.128408037397463,-8.39598917575671,9.699050332383667,14.05739602709292
1086,36.2,0.8838619245448711,0,-4.206551338472298,-6.873322377333466,9.699050332383665,13.988075523429075
1087,36.233333333333334,0.8841059602649006,0,-5.28466447668006,-7.920450740738431,10.52606405939739,16.010464419096138
1088,36.266666666666666,0.8840993578911794,0,-2.3313871014755776,-6.586139537605277,10.721561771561774,16.073937082201553
1089,36.3,0.8770964802753687,-1,1.071130788882808,-4.316196801812339,10.481041181041181,14.0749324137754
1090,36.333333333333336,0.8778353910855136,0,4.646907867038687,-2.4228643545129103,10.654027454027451,13.114383932565772
1091,36.36666666666667,0.8775989325586502,-1,6.950370062708833,-1.1541748759614165,10.436018302684975,12.17677041184848
1092,36.4,0.8779743746186699,-1,8.288581970602113,0.07948056755910216,9.60900457567124,10.19227499025476
1093,36.43333333333333,0.8776163381426539,-1,8.293036605769364,0.07956277666599476,9.60900457567124,10.192274990254731
1094,36.46666666666667,0.877395544118643,0,8.219123658272036,0.07821003142575478,9.609004575671246,10.192274990254788
1095,36.5,0.8927229362205941,-1,1.8537899674046878,-2.968324006289606,9.067534317534319,12.142979915707201
1096,36.53333333333333,0.8927339795830831,0,-2.995615095610827,-5.334189597704153,9.25555288587887,14.159628352465802
1097,36.56666666666667,0.8926647682437301,0,-5.094267205962853,-6.281920684258239,9.514555933472373,15.21024684936529
1098,36.6,0.8930839196842286,0,-2.810981077072822,-4.230795133186774,7.676538893205555,11.04085497198443
1099,36.63333333333333,0.8926046671242278,-1,-0.7673999878899265,-2.5824848861834937,6.631516014849346,8.009026361184311
1100,36.666666666666664,0.8929827873213091,-1,1.6254099229556553,-1.3858082047150617,6.804502287835618,8.0
1101,36.7,0.8846957223850731,-1,2.3890149598992068,-0.7936987621960725,6.3909954243287554,9.0
1102,36.733333333333334,0.8845782498025103,0,5.383230308830759,0.5223339446750401,5.977488560821892,9.0
1103,36.766666666666666,0.8842426795871077,0,4.304715577974427,-0.11452559486241398,6.586493136493138,9.0
1104,36.8,0.8946720904851672,0,3.43899904171424,-0.11013479773140489,5.586493136493136,8.0
1105,36.833333333333336,0.8941594254652224,-1,3.678027536438144,-0.03595762043269701,5.195497712164373,6.0
1106,36.86666666666667,0.893862171541894,0,3.6403927355869783,-0.035253805841705343,5.195497712164373,6.0
1107,36.9,0.8973523019166173,0,3.7805074298032864,0.0,5.0,5.000000000000014
1108,36.93333333333333,0.8973188706458815,0,3.603965184604597,-0.0345985969027538,5.195497712164384,6.0
1109,36.96666666666667,0.8974176594945963,0,3.744511758726688,0.0,5.0,5.000000000000014
1110,37.0,0.9000178045065185,0,2.854028968276019,-0.0345985969027538,4.195497712164384,5.0
1111,37.03333333333333,0.9001424275993037,0,2.9966432715645865,0.0,4.0,4.0
1112,37.06666666666667,0.9001661589587372,0,1.7022982463157135,-0.5781485074791988,4.6090045756712374,4.998915956675376
1113,37.1,0.8980231765507839,0,0.8090302119729884,-0.613439990566178,3.804502287835625,4.096137495127408
1114,37.13333333333333,0.8989298454221165,0,1.708707374106531,-0.5787671966934624,4.609004575671252,4.998915956675376
1115,37.166666666666664,0.89871395167576,0,1.708707374106531,-0.5787671966934624,4.609004575671252,4.998915956675376
1116,37.2,0.8978850221111325,0,3.027528889800408,0.0,4.0,4.000000000000014
1117,37.233333333333334,0.8975793582126858,0,-0.48305012860132024,-1.2050895597028557,4.413506863506867,5.028595983141429
1118,37.266666666666666,0.897902286142783,0,3.028570344698892,0.0,4.000000000000001,4.000000000000028
1119,37.3,0.9013551252975466,0,2.7676651458988744,-0.07210683626266245,4.3909954243287554,6.0
1120,37.333333333333336,0.8987282675680218,0,0.5600119410114672,-0.7109506034945525,4.195497712164375,6.0
1121,37.36666666666667,0.898700134468848,0,1.7312309356982851,-0.14692426345490617,3.7819908486575136,7.0
1122,37.4,0.9047285722180264,0,3.972283190664257,0.5018368693226307,3.977488560821894,7.0
1123,37.43333333333333,0.9052206911797215,0,5.3026876351495815,1.125887387647282,3.3684839851506503,7.0
1124,37.46666666666667,0.9053523721787194,0,3.0774376899288924,0.47368805277841375,3.172986272986269,7.0
1125,37.5,0.9021060275962237,0,3.0653669333860307,0.47368805277841375,3.172986272986269,7.0
1126,37.53333333333333,0.9049483672391498,0,1.768440125387066,-0.15246074186407554,3.781990848657512,7.0
1127,37.56666666666667,0.905220781113378,0,1.7695026194550607,-0.15246074186407554,3.781990848657512,7.0
1128,37.6,0.8876793400286944,0,5.285441206229045,1.1468467336035246,3.368483985150648,7.0
1129,37.63333333333333,0.8880022951819111,0,4.009520892811949,0.5206979389610638,3.977488560821891,7.0
1130,37.666666666666664,0.8875804341201986,0,2.9214333453744743,0.44376294528973403,3.368483985150651,8.0
1131,37.7,0.8803952158086323,0,3.999212447177591,0.5212428902842419,3.9774885608218895,7.0
1132,37.733333333333334,0.8797003261999499,0,3.9928892283184254,0.5212428902842419,3.9774885608218895,7.0
1133,37.766666666666666,0.8797202797202798,-1,3.986566009459267,0.5212428902842419,3.9774885608218895,7.0
1134,37.8,0.8704314875932038,0,2.470224656180278,-0.1979832097545966,4.97748856082189,9.0
1135,37.833333333333336,0.8707914221849679,0,4.368672257145612,0.4214305618891103,5.56398169731503,11.0
1136,37.86666666666667,0.870701849361717,0,4.397627654256137,0.42909104901474393,5.563981697315031,11.0
1137,37.9,0.8835949724032394,0,4.369846793148206,0.42909104901474393,5.563981697315031,11.0
1138,37.93333333333333,0.8829394069617533,-1,4.355490284175456,0.4295301778098235,5.563981697315027,11.0
1139,37.96666666666667,0.8827855191491555,-1,4.395344562783457,0.4372684500693822,5.563981697315031,11.0
1140,38.0,0.8719434700828631,0,4.4877047779397685,0.4794985279330888,5.368483985150645,10.0
1141,38.03333333333333,0.8712596157104612,-1,6.443322919696751,1.2001343098209247,5.563981697315028,10.0
1142,38.06666666666667,0.8709354931629869,0,6.533518983084888,1.2420477454647312,5.3684839851506485,9.0
1143,38.1,0.8646603757544844,-1,5.318522281183409,0.5136817711749018,6.172986272986275,10.0
1144,38.13333333333333,0.8673035732499235,-1,7.405355671666884,1.2840034517302286,6.172986272986268,9.0
1145,38.166666666666664,0.8659764017817675,0,7.297935635277647,1.2625282159972357,6.1729862729862734,9.0
1146,38.2,0.8665732944094767,-1,9.404250357754393,1.4236057982230363,7.390995424328762,9.0
1147,38.233333333333334,0.8661592723222573,-1,11.416340074000855,2.1968235625622015,7.195497712164384,10.0
1148,38.266666666666666,0.8669918314993587,-1,13.275446227491736,2.9256711562406394,7.39099542432876,11.0
1149,38.3,0.8544779269013252,-2,14.27906177438797,3.006797805033017,7.999999999999995,12.0
1150,38.333333333333336,0.8528349035896396,-2,16.265173562651906,3.7906675465490878,8.000000000000004,13.0
1151,38.36666666666667,0.8523112753784619,-2,15.453328760417886,3.140465163395163,8.609004575671248,13.0
1152,38.4,0.8816300021648986,-1,4.304585803337702,-2.30467737263362,9.06753431753432,12.286572727344065
1153,38.43333333333333,0.8816124681552525,-1,2.714987524391912,-4.041595694717671,10.553552620219289,15.304705956221085
1154,38.46666666666667,0.8814614974686917,0,0.896585509075809,-5.198311879656103,10.858150962903029,16.257363848272973
1155,38.5,0.8579617199441749,0,1.6212771003673758,-4.643352210741398,10.358054908054903,15.228767865131488
1156,38.53333333333333,0.8573683336102342,-1,0.13679357132787118,-5.372055482181395,10.308054908054904,15.125550910674917
1157,38.56666666666667,0.8580281783744268,-1,0.15781746308641686,-5.401195227948705,10.50355262021929,15.091473468883976
1158,38.6,0.8790388428788055,0,-1.2047179370133634,-5.806636628880682,9.86071506546713,15.150860159124647
1159,38.63333333333333,0.879283034597749,0,-1.810604119686385,-5.5678549550627,8.943172108645033,14.18493760091556
1160,38.666666666666664,0.8791364507793615,0,-1.7333698691147035,-5.4385442568275835,8.928505178459265,14.233692794298804
1161,38.7,0.8850228709807615,0,0.6555096472964976,-3.3311107142300784,7.449299183114614,11.223842935964115
1162,38.733333333333334,0.885112180026237,0,5.72049751160433,-0.92290732988738,7.6540274540274655,10.480453328938154
1163,38.766666666666666,0.8853730338968795,-1,6.207007986104523,-0.39164807901426,7.436018302684974,9.413275701613628
1164,38.8,0.888107653490328,-1,9.37866227861706,1.46673203238322,6.609004575671233,9.0
1165,38.833333333333336,0.8866181928095246,0,8.381336174850976,1.3916471392440428,6.000000000000004,8.0
1166,38.86666666666667,0.8879862757959534,-1,7.626296048120528,0.7784319611901935,6.609004575671243,8.0
1167,38.9,0.8847303599186894,0,4.550024147093828,-0.037596330559210855,6.195497712164377,7.0
1168,38.93333333333333,0.8846212988433084,-1,3.6362652804235416,-0.07523228121618786,5.390995424328763,7.0
1169,38.96666666666667,0.8848414434117003,0,5.530745990324108,0.5898303308369464,5.5864931364931385,7.0
1170,39.0,0.888328742442354,0,3.495614698724239,-0.11267025228090688,5.586493136493135,8.0
1171,39.03333333333333,0.8893662728249194,-1,3.3572584000500143,-0.15014790407093415,5.781990848657518,9.0
1172,39.06666666666667,0.8898324177252482,-1,4.3920872093075385,0.4741865236594265,5.172986272986267,9.0
1173,39.1,0.891338442345393,0,2.428624473400273,-0.18699357580263154,4.977488560821891,9.0
1174,39.13333333333333,0.8914500659607089,0,5.431783782097586,1.0656286819032914,4.56398169731503,9.0
1175,39.166666666666664,0.8914818512443842,-1,5.466891831291623,1.0644994765270894,4.563981697315034,9.0
1176,39.2,0.9034422835169711,0,5.473503393105872,1.043737681190862,4.563981697315034,9.0
1177,39.233333333333334,0.9035520792884747,0,2.499469944417907,-0.1434482093920053,4.781990848657517,8.0
1178,39.266666666666666,0.9034262152617274,0,4.6604186420092475,0.5161758525431992,4.781990848657519,7.0
1179,39.3,0.8982132982476212,-1,4.644339794012254,0.5060514020593985,4.781990848657516,7.0
1180,39.333333333333336,0.8981101851675279,-1,5.820687009371845,1.071078078040614,4.1729862729862734,7.0
1181,39.36666666666667,0.8980681579800522,0,3.8867627561894835,0.49609727972611495,3.781990848657517,6.0
1182,39.4,0.8993436766152179,0,2.825814285318458,-0.03384472559005758,4.195497712164383,5.0
1183,39.43333333333333,0.8989665897461623,0,0.7037060021428374,-0.6214775931079259,4.000000000000002,5.0
1184,39.46666666666667,0.8990792561834267,0,2.936589780228566,0.0,4.0,4.0
1185,39.5,0.9072493064665276,0,-0.48205627146232644,-1.1105246118706873,4.413506863506862,5.028595983141429
1186,39.53333333333333,0.9072047472640881,0,2.907436647127426,0.0,4.0,4.000000000000014
1187,39.56666666666667,0.9075225331813195,0,1.7313519252086351,-0.501319246353205,4.413506863506858,5.0285959831414
1188,39.6,0.909073132577239,0,1.5719246491922334,-0.5333004080375758,4.609004575671242,4.998915956675376
1189,39.63333333333333,0.908701885480928,0,1.7014103783656935,-0.5103308875252992,4.413506863506865,5.028595983141457
1190,39.666666666666664,0.9090593015928203,0,1.5450357535571015,-0.5333004080375758,4.609004575671241,4.998915956675347
1191,39.7,0.9103719345194539,0,1.5517096491740503,-0.5434721234818767,4.609004575671243,4.998915956675361
1192,39.733333333333334,0.9102617713473279,0,-0.5665514862662491,-1.0978821007992963,4.218009151342484,4.997831913350751
1193,39.766666666666666,0.9100679560899111,0,-0.7117585273792599,-1.1316904913082908,4.4135068635068615,5.028595983141443
1194,39.8,0.9110814144736842,0,1.5580402522092598,-0.5544202304230907,4.6090045756712446,4.998915956675404
1195,39.833333333333336,0.9113835520631917,0,0.679771312007972,-0.5876328675178684,3.804502287835618,4.09613749512738
1196,39.86666666666667,0.9112395606203975,0,-0.7209026797060574,-1.1532265566549142,4.413506863506871,5.028595983141457
1197,39.9,0.9141855686716893,0,1.572093932189489,-0.5649616006417943,4.609004575671243,4.998915956675376
1198,39.93333333333333,0.9138431167156843,0,-0.709437476982643,-1.1544657249220052,4.413506863506862,5.028595983141429
1199,39.96666666666667,0.9137326780534966,0,-0.7320829725426492,-1.1763884133010265,4.413506863506866,5.028595983141415
1200,40.0,0.9127696769835909,0,1.5784136997030132,-0.5655680639970342,4.609004575671243,4.998915956675376
1201,40.03333333333333,0.9125700433175694,0,-0.6954538089220108,-1.1544657249220052,4.413506863506862,5.028595983141429
1202,40.06666666666667,0.9123713388705639,0,0.6915265354027582,-0.5994491596180751,3.8045022878356187,4.09613749512738
1203,40.1,0.9049200062131096,0,-0.7179980111633029,-1.1763884133010265,4.413506863506868,5.028595983141415
1204,40.13333333333333,0.9051779369794397,0,1.5853029816998756,-0.5655680639970342,4.6090045756712446,4.998915956675376
1205,40.166666666666664,0.9053379677275287,0,1.4392542194165259,-0.6000926012326886,4.804502287835625,5.096137495127408
1206,40.2,0.9074021203296598,0,-0.8516487064388372,-1.2115669656550097,4.609004575671244,5.192274990254802
1207,40.233333333333334,0.9060776632563801,0,1.5916280553771287,-0.5661751006561531,4.609004575671244,4.998915956675376
1208,40.266666666666666,0.9064807062942385,0,0.04941886978874521,-1.1776494650785025,5.413506863506862,6.028595983141443
1209,40.3,0.9201757597949469,0,0.5700709669790882,-0.6473827826247032,4.0,5.0
1210,40.333333333333336,0.9212110636070151,0,2.1414780669861884,-0.03591936033029697,3.1954977121643817,4.0
1211,40.36666666666667,0.9211293165122406,0,2.142432880767629,-0.03595762043269701,3.195497712164375,4.0
1212,40.4,0.9158750833942244,0,0.7568799501849384,-0.6374885034431941,3.804502287835619,4.096137495127394
1213,40.43333333333333,0.9156303108273376,0,0.7697924113883587,-0.6508224194026866,3.8045022878356223,4.096137495127408
1214,40.46666666666667,0.9156634160287157,0,0.9335764251454961,-0.6140329536791569,3.6090045756712428,3.9989159566753756
1215,40.5,0.9126137481554353,0,0.6545171092455249,-0.7149038081606136,3.9999999999999987,5.0
1216,40.53333333333333,0.913105654052558,0,4.303309457671233,0.5715613635416332,3.781990848657512,6.0
1217,40.56666666666667,0.9130301073284743,0,1.791847942126637,-0.15879687009680765,3.781990848657513,7.0
1218,40.6,0.906193709297492,0,3.2094520264407578,0.5029807777416124,3.1729862729862686,7.0
1219,40.63333333333333,0.9059180343011978,0,4.2044309217085925,0.5532444417410147,3.9774885608218895,7.0
1220,40.666666666666664,0.9060493618069563,0,3.227237718982842,0.512634273739792,3.1729862729862695,7.0
1221,40.7,0.9091320636902903,0,3.2506958620089463,0.5223837267484157,3.1729862729862726,7.0
1222,40.733333333333334,0.9090752970196556,0,3.394918010321909,0.5643394330139415,2.977488560821894,6.0
1223,40.766666666666666,0.9091732234294991,0,4.647117310122347,1.2228442042139704,2.563981697315031,7.0
1224,40.8,0.9030995991759952,0,7.211026652904252,2.0588923205063168,2.5639816973150373,6.0
1225,40.833333333333336,0.9033041089765087,0,4.806087420700635,1.313078973666336,2.3684839851506476,6.0
1226,40.86666666666667,0.9032979318054779,-1,4.988603784955863,1.3808484866965784,2.172986272986268,5.0
1227,40.9,0.9030103065841268,0,4.847185740250296,1.4080964111598746,2.368483985150651,6.0
1228,40.93333333333333,0.9025831945396949,0,3.6576675693348406,0.6984289510284043,2.781990848657519,5.0
1229,40.96666666666667,0.9020363505723664,0,4.789434996070689,1.4575533335361968,2.3684839851506467,6.0
1230,41.0,0.9100958120323662,0,3.7001947659893304,1.455770206079933,1.607780210810509,6.0
1231,41.03333333333333,0.9095787905464888,0,3.5337371896031335,1.4487138546442395,1.8289884434512522,7.0
1232,41.06666666666667,0.909512603903909,0,4.745393378084561,2.3208593448045463,1.81165167604561,7.0
1233,41.1,0.902994725199932,0,9.56096714920259,3.518450471458493,2.3684839851506547,5.0
1234,41.13333333333333,0.9028052018792129,-1,11.777812618660423,4.460527966967277,2.3684839851506547,6.0
1235,41.166666666666664,0.9028605482717521,-1,15.206169173446046,5.518696853822519,3.172986272986281,8.0
1236,41.2,0.8997522875486578,-1,10.007407141220783,4.0590826483503974,3.7369679703013015,10.0
1237,41.233333333333334,0.8999460716572854,-1,6.060416929256213,2.080903169291247,4.93246568246568,14.0
1238,41.266666666666666,0.899888765294772,0,4.422119288560445,1.868312645461856,4.7144565311232025,17.0
1239,41.3,0.9066279878534955,0,-0.06991538586856905,-0.4626642603070934,7.310892780314274,28.0
1240,41.333333333333336,0.9072336381993111,0,-2.311209651958876,-0.9418276451709744,8.747278267595075,35.0
1241,41.36666666666667,0.9061370616081579,0,-3.144380151976499,-1.252000213029703,10.00354609170036,40.0
1242,41.4,0.9091618542219447,0,-0.7251806657455715,-0.39043255631392526,6.275308356575574,25.0
1243,41.43333333333333,0.9095526165259746,0,-3.9740160333091548,-2.0505879939429406,4.423468669887408,17.0
1244,41.46666666666667,0.9100685109704275,0,-1.8478060697444383,-0.6767797099474251,2.820512820512812,11.0
1245,41.5,0.905325340675426,0,-1.177817879234944,-0.43183042347965284,1.7948717948718056,7.0
1246,41.53333333333333,0.906058863505672,0,-0.6735561121268021,-0.24713555569360324,1.0256410256410233,4.0
1247,41.56666666666667,0.9061138415420544,0,-0.33679315467426374,-0.12358030753705407,0.5128205128205139,2.0
1248,41.6,0.8951715915864771,1,-1.480722033784208,-1.1457080700830033,0.9999999999999943,2.0
1249,41.63333333333333,0.8927149175577435,0,-0.16839115597019205,-0.061820347156043454,0.25641025641024984,1.0
1250,41.666666666666664,0.8924093527617757,0,-0.16839115597019205,-0.061820347156043454,0.25641025641024984,1.0
1251,41.7,0.8910211418300095,0,-0.16838898276053094,-0.061820491094835006,0.2564102564102555,1.0
1252,41.733333333333334,0.8902948529159961,0,-0.16838898276053094,-0.061820491094835006,0.2564102564102555,1.0
1253,41.766666666666666,0.8900493083139296,0,0.0,0.0,0.0,0.0
1254,41.8,0.8925462645647704,0,0.0,0.0,0.0,0.0
1255,41.833333333333336,0.8927120996624227,0,0.0,0.0,0.0,0.0
1256,41.86666666666667,0.8926815058517109,0,0.0,0.0,0.0,0.0
1257,41.9,0.8852492543672774,0,0.0,0.0,0.0,0.0
1258,41.93333333333333,0.8840510557079805,0,0.0,0.0,0.0,0.0
1259,41.96666666666667,0.8854464894342194,0,0.0,0.0,0.0,0.0
1260,42.0,0.8889175346327043,0,1.6931795374926253,-1.0507413633214924,3.8045022878356334,4.0961374951274365
1261,42.03333333333333,0.8885680400144382,-1,2.622791127471647,-1.9391890341191242,6.4135068635068695,7.028595983141429
1262,42.06666666666667,0.8891029168959824,0,0.6066702850596286,-3.7350824372966542,7.8270137270137266,9.057191966282915
1263,42.1,0.8908060777749163,-1,6.726327043563267,0.0543292968669391,6.804502287835615,7.09613749512738
1264,42.13333333333333,0.8906094420600859,-1,12.199309329847829,2.9023419124961265,6.390995424328745,9.0
1265,42.166666666666664,0.8910845193743884,-1,13.477493693254623,3.832776678234211,5.586493136493141,9.0
1266,42.2,0.8902217810938463,-1,10.209192876677278,2.8020101855019277,4.7819908486575144,7.0
1267,42.233333333333334,0.8902939867894178,-1,11.349055911021296,3.6804592727710315,4.1729862729862734,7.0
1268,42.266666666666666,0.8899840854253298,0,9.219501257578612,2.7525611854250656,3.9774885608218944,6.0
1269,42.3,0.8890844769538393,-1,11.325846055235388,4.49551563835891,3.150474833808169,7.0
1270,42.333333333333336,0.8885130517971846,-1,10.104765364042407,4.38845443085944,2.5478828809866485,8.0
1271,42.36666666666667,0.888636402467153,-1,5.435087578842033,2.429341372663231,2.411670316215782,9.0
1272,42.4,0.8850322426964763,-1,8.03024174499915,3.4995742750859904,2.1594986382865238,7.0
1273,42.43333333333333,0.8850682274475108,-1,10.276096068778394,4.447958077795107,2.348145080101007,7.0
1274,42.46666666666667,0.8849340706082518,-1,10.276096068778394,4.447958077795107,2.348145080101007,7.0
1275,42.5,0.8800460579788675,-1,4.598201724348086,1.344603216405858,4.345972545972541,12.0
1276,42.53333333333333,0.8785159094372852,0,2.9801374713135615,0.2890759961005642,5.541470258136916,15.0
1277,42.56666666666667,0.8784328332938268,0,-0.2658726567135048,-1.587557520258514,6.345972545972552,17.0
1278,42.6,0.8928417532792112,0,0.48648903166425583,-0.5116597653235146,3.759479409479417,11.0
1279,42.63333333333333,0.8925322213798332,0,-0.1701436508250298,-0.41762586687329417,2.368483985150655,8.0
1280,42.666666666666664,0.8926528361706527,0,0.32476629656815215,-0.243388553221223,1.7819908486575144,5.0
1281,42.7,0.8862147047723608,0,0.49316413875371656,-0.1841688029062425,1.5864931364931394,4.0
1282,42.733333333333334,0.8866248156152448,1,-1.6481009209994195,-1.20434751136807,1.195497712164378,3.0
1283,42.766666666666666,0.8866244660593896,-1,2.1437909458325066,1.0211915340025257,0.3909954243287558,1.0
1284,42.8,0.8751423666003706,0,-1.3125232502838533,-1.0830527646131998,0.8045022878356193,1.0961374951274365
1285,42.833333333333336,0.8749511660693357,1,-0.1684015380220365,-0.06179443985024591,0.25641025641027254,1.0
1286,42.86666666666667,0.8749872540022433,0,-0.16840451983029325,-0.06179710581807285,0.2564102564102413,1.0
1287,42.9,0.8891896581641506,0,-1.3279470168164802,-0.12194753052546048,0.8326154697596451,1.192274990254873
1288,42.93333333333333,0.8887230830629349,0,-2.9508853398364012,-0.9267880691908204,1.586493136493138,3.0
1289,42.96666666666667,0.8890971896752243,0,-1.2820701923892859,0.233584285928913,2.781990848657512,6.0
1290,43.0,0.8876909100258832,0,-2.0719568022167287,0.2889944071010291,3.977488560821894,8.0
1291,43.03333333333333,0.8877631488719742,1,-3.0046574626238574,0.2831575967598212,4.977488560821898,9.0
1292,43.06666666666667,0.8876227359185702,1,-2.656109369168778,0.3919294126625914,5.368483985150663,11.0
1293,43.1,0.8814898035610935,0,-2.7219041885543547,1.2112648777670643,6.586493136493135,10.0
1294,43.13333333333333,0.8816031313818924,0,-3.811552481829313,1.1419016386721523,7.390995424328755,10.0
1295,43.166666666666664,0.8818051819822273,0,-2.5718180606251835,2.0487834952739377,7.999999999999993,10.0
1296,43.2,0.889471168618347,0,-6.291136690381382,0.11046303032162541,7.3909954243287554,9.0
1297,43.233333333333334,0.8891544054893661,0,-6.4550695454903355,0.05521312578591164,7.19549771216437,8.0
1298,43.266666666666666,0.8892454214955026,0,-7.819478682163652,-0.9076234450730851,6.390995424328757,7.0
1299,43.3,0.8739635441650107,0,-9.050026954615074,-1.827751213212366,5.781990848657516,7.0
1300,43.333333333333336,0.8726998595072474,0,-7.763156339727754,-1.7183709840163033,5.172986272986272,8.0
1301,43.36666666666667,0.870985973385398,0,-5.4620448968077895,-0.7534116492751082,4.977488560821901,8.0
1302,43.4,0.8698747055409511,0,-6.682819818444788,-1.683669012965595,4.368483985150656,8.0
1303,43.43333333333333,0.8691555282429456,0,-4.203322336413436,-0.6496445480583759,4.368483985150659,9.0
1304,43.46666666666667,0.8693536822697941,1,-6.546779332651948,-1.6458383975461004,4.563981697315041,9.0
1305,43.5,0.8736678737713399,1,-6.537656774015719,-1.6458383975461004,4.563981697315041,9.0
1306,43.53333333333333,0.8733385053012671,1,-3.002816440587555,0.2831575967598212,4.977488560821898,9.0
1307,43.56666666666667,0.8733814934225272,1,-4.219355162560664,-0.6568893016205379,4.368483985150659,9.0
1308,43.6,0.8653046558184898,1,-4.046728538260275,-0.6001227996196121,4.563981697315033,10.0
1309,43.63333333333333,0.864725705195094,1,-3.878317272849621,-0.5433227753127312,4.7594794094794155,11.0
1310,43.666666666666664,0.8646364414029085,0,-3.710215171693374,-0.4864893107376531,4.9549771216437914,12.0
1311,43.7,0.8643046392020365,0,-3.54242144311392,-0.42962248829203986,5.15047483380818,13.0
1312,43.733333333333334,0.8646565758027086,0,-3.539245412596056,-0.42962248829203986,5.15047483380818,13.0
1313,43.766666666666666,0.8646172497402148,0,-5.85743829646729,-1.436436806247002,5.345972545972567,13.0
1314,43.8,0.8614089743369077,0,-4.491631248994855,-0.42962248829203986,6.15047483380818,14.0
1315,43.833333333333336,0.8584366226117921,1,-8.73653895014821,-2.3147855759586946,6.9324656824656925,16.0
1316,43.86666666666667,0.8587550303964381,1,-8.72380129489065,-2.3147855759586946,6.9324656824656925,16.0
1317,43.9,0.8621480421401106,2,-16.904496370838366,0.5204643863319234,20.75947940947942,28.0
1318,43.93333333333333,0.8620071375618502,3,-22.67350888152238,2.395803387416663,29.781990848657518,35.0
1319,43.96666666666667,0.86205113175996,4,-25.420980000563176,4.360272565458189,36.0,40.0
1320,44.0,0.8622808228634544,1,1.5538866011953978,16.92340612482363,36.60900457567125,51.0
1321,44.03333333333333,0.8622171594262932,1,13.670207121828827,22.016473467091345,36.195497712164375,58.0
1322,44.06666666666667,0.862224293258776,1,20.356879689054235,27.37481603680027,39.240520590520575,59.0
1323,44.1,0.8620435579773471,0,13.89468641856627,18.24559814526569,25.0225114391781,38.0
1324,44.13333333333333,0.8624436560577237,0,9.1934177041866,12.112686880510381,16.218009151342482,24.0
1325,44.166666666666664,0.8621966269025092,-1,8.180464300798597,8.907861182440513,10.413506863506864,16.0
1326,44.2,0.861834809165515,0,2.8759884721353233,4.565412458130766,7.000000000000003,11.0
1327,44.233333333333334,0.8613390191897654,0,1.1162066843304617,2.3496646300935424,4.195497712164384,7.0
1328,44.266666666666666,0.8613290577880875,0,1.7860501780157145,2.2287895515437697,2.8045022878356223,4.0
1329,44.3,0.862744761839443,0,0.47890385566015947,1.1457628381751306,2.0,3.0
1330,44.333333333333336,0.8520697057282424,1,-0.8316122029576167,0.061820491094806584,1.195497712164378,2.0
1331,44.36666666666667,0.8520622041920216,0,1.3104349767585095,1.0839657323570577,0.8045022878356164,1.0961374951273797
1332,44.4,0.8501132943285198,0,1.3104349767585095,1.0839657323570577,0.8045022878356164,1.0961374951273797
1333,44.43333333333333,0.8496957403651115,0,0.1683865652970118,0.061820491094806584,0.2564102564102555,1.0
1334,44.46666666666667,0.8498774613369391,0,0.0,0.0,0.0,0.0
1335,44.5,0.8672707798500484,0,5.099237007612804,0.4195527106527379,3.2155869102838777,4.672962465891715
1336,44.53333333333333,0.8674897539241195,-1,8.530431436301827,0.6318133259719616,5.524874554925058,8.05751244640129
1337,44.56666666666667,0.8674239847629412,-1,11.96318516719683,1.7419734983859883,6.639386679538201,9.71869824900125
1338,44.6,0.8735667329154564,-2,15.943898906491189,3.521127074552737,6.895876384099516,11.0
1339,44.63333333333333,0.8737294761532447,-2,15.033722633071786,2.677184672518763,7.585540525692028,11.298127254509211
1340,44.666666666666664,0.8732583429620064,-2,17.151809009496183,3.591026002352322,7.793753384662464,12.0
1341,44.7,0.861828425783084,-1,14.69614661081726,3.3675425317628083,6.082262828658604,10.0
1342,44.733333333333334,0.8662818985621529,-1,15.436055134138417,4.121139594797597,5.609004575671245,10.0
1343,44.766666666666666,0.8660727766873019,-1,17.554237506392155,5.85756835528835,4.5864931364931465,10.0
1344,44.8,0.8642979090248314,-2,17.661916076632508,2.6341491415906546,9.778560676815953,14.298127254509211
1345,44.833333333333336,0.8637846242247047,-2,16.817119279976964,0.2771212928653597,13.068541814271839,18.908297497829267
1346,44.86666666666667,0.864200453116018,-2,17.34357242318785,-1.1284927429200877,15.823411661290447,23.0555555555556
1347,44.9,0.8622481692707454,-2,10.84796156896724,-6.376088910313825,19.81658464991798,27.862434949670956
1348,44.93333333333333,0.8627546972331482,-1,5.839604875990364,-9.915929884904301,22.37558922558923,30.371747780838746
1349,44.96666666666667,0.8624141248755127,-1,3.092903125875452,-12.53347086794355,24.593598376931716,33.2345607662412
1350,45.0,0.8714651214015825,-1,1.4025840154085518,-8.825280302797097,15.917059483726149,21.116782717333592
1351,45.03333333333333,0.8710060174591067,0,-0.12078525809352314,-6.610464611960481,10.48104118104118,14.074932413775457
1352,45.06666666666667,0.8705335954979999,0,0.959741031418631,-3.827821115034112,6.849525166191832,9.067159552007922
1353,45.1,0.8677450047573739,0,-0.25977462175833954,-2.9804883701207245,4.631516014849341,6.00902636118434
1354,45.13333333333333,0.8680698413777861,-1,-0.12139251375504001,-1.9755495923002684,3.0225114391780976,4.016541055108519
1355,45.166666666666664,0.8676788112684677,0,-1.1207855940510347,-1.9794500482505555,2.0225114391781007,3.0165410551085756
1356,45.2,0.8810702820845571,-1,1.1682006083988652,0.06179443985024591,0.8045022878356193,1.0961374951274365
1357,45.233333333333334,0.880778755016651,1,-2.2882108260212033,-2.043515235641763,1.2180091513424813,1.9978319133507512
1358,45.266666666666666,0.8807702813438951,0,-1.1439088196876832,-1.0221452412622511,0.6090045756712386,0.9989159566753756
1359,45.3,0.8805092711270615,0,-1.1439088196876832,-1.0221452412622511,0.6090045756712386,0.9989159566753756
1360,45.333333333333336,0.8805314273989467,0,-0.16838898276053094,-0.061820491094835006,0.2564102564102555,1.0
1361,45.36666666666667,0.8819226035826611,0,0.0,0.0,0.0,0.0
1362,45.4,0.8827187992598177,1,-3.841943102536041,-0.3090995767223603,2.3897049359170537,3.4806874756369552
1363,45.43333333333333,0.8821876980524486,1,-6.7680879834012035,1.891546391836897,7.95961644891856,12.0
1364,45.46666666666667,0.8822350502749277,2,-10.153452377243827,3.3148743270572822,12.522540121851419,18.0
1365,45.5,0.8708686022354618,1,-6.7680879834012035,1.891546391836897,7.95961644891856,12.0
1366,45.53333333333333,0.8707849735595082,1,-4.902629480743832,1.2406884680900419,5.536846877572316,8.0
1367,45.56666666666667,0.8707118574224786,1,-3.204029485566377,0.5276955183914822,3.2553850411058876,5.0
1368,45.6,0.8819112276911999,1,-10.496978914158454,-3.9546929214698423,7.978114424602035,28.0
1369,45.63333333333333,0.8819505169487166,2,-14.140331415657585,-5.889733974152932,11.794871794871796,43.0
1370,45.666666666666664,0.8818043101822484,2,-17.86441352694885,-8.44836182800708,14.17262222778751,52.0
1371,45.7,0.877567521073456,1,-8.639686581278488,-3.738956712746983,11.816577063041711,46.0
1372,45.733333333333334,0.8775001289834385,0,-5.6039056258798965,-2.377072021414591,10.611444588809146,42.0
1373,45.766666666666666,0.8774706276985533,0,-3.090627202378613,-1.2225693505456832,10.003546091700349,40.0
1374,45.8,0.887002918170359,0,-3.001606009227345,-0.828595710351749,8.28257770186145,33.0
1375,45.833333333333336,0.8863145900592165,0,-4.361208403138772,-1.529519263973981,7.692307692307688,30.0
1376,45.86666666666667,0.886410331670091,0,-3.8319430245548105,-1.3336622912824225,6.923076923076924,27.0
1377,45.9,0.8788406496775751,0,-6.03039287861786,-3.353881923084117,5.84959948903935,21.0
1378,45.93333333333333,0.8789399268915098,0,-6.694228467780768,-4.537880601517315,5.954684961503132,18.0
1379,45.96666666666667,0.8791019296097671,0,-7.742464857355785,-5.058030877711872,5.429834986630215,15.0
1380,46.0,0.884571229779092,0,-4.939263181078179,-5.279048795440843,6.827013727013714,9.11004871059967
1381,46.03333333333333,0.8844822487780271,0,-3.1482294733797076,-5.5119313279612925,8.263032029698696,11.018052722368566
1382,46.06666666666667,0.884279551937661,0,-1.9430481035714529,-5.268878048174457,8.48104118104118,12.015884635719317
1383,46.1,0.8820272646551874,0,1.1930772392678186,-3.819145395781959,8.676538893205551,12.119308861733145
1384,46.13333333333333,0.882258710452543,-1,4.398131241133033,-2.4429277941904957,9.067534317534319,12.286572727344094
1385,46.166666666666664,0.8823242612617319,-1,3.5657399215540515,-3.1030638093378116,9.67653889320556,13.247513989938227
1386,46.2,0.8873187708774201,-1,7.492989144928771,-1.0779290378972917,9.849525166191842,12.401954013065165
1387,46.233333333333334,0.8872276431294372,-1,8.187139971894375,-0.4394872678142292,9.436018302684975,11.413275701613657
1388,46.266666666666666,0.8872414456314583,-1,11.11315740916017,1.065720660297444,8.631516014849346,11.188143472349168
1389,46.3,0.8889703699823651,-1,3.7129589090185755,-2.175739284927232,7.782866788009118,11.56841007851105
1390,46.333333333333336,0.8890072284107973,0,-1.9974842467133787,-4.678865784979251,7.898282083865183,12.439209261982427
1391,46.36666666666667,0.8887666544432221,0,-4.207788157913756,-5.794325460989228,8.478455102697524,13.495027979876454
1392,46.4,0.8792164825739143,0,-0.4652190392975375,-2.998277186531624,6.056899716954809,9.195246952822743
1393,46.43333333333333,0.8793203016992458,0,2.4250261149849672,-1.243811371907725,5.827013727013726,7.057191966282886
1394,46.46666666666667,0.8794518630007525,0,2.94593308712549,-0.706860444297206,5.804502287835616,6.096137495127408
1395,46.5,0.8603559203569956,0,2.763515208900265,-0.7452512903368813,6.000000000000004,7.0
1396,46.53333333333333,0.8606406051155204,0,5.713149912384931,0.6230282547239199,5.586493136493132,7.0
1397,46.56666666666667,0.8607642558985292,0,3.594655093276586,-0.11915923914111204,5.586493136493134,8.0
1398,46.6,0.8636583487093134,-1,4.39208776894986,-0.11903604040207938,6.586493136493138,9.0
1399,46.63333333333333,0.8637446488384173,0,4.246840279660768,-0.15846854571103108,6.781990848657509,10.0
1400,46.666666666666664,0.8634377015117862,0,4.244703246435293,-0.15846854571103108,6.781990848657509,10.0
1401,46.7,0.8683970856102003,0,5.123488193427551,0.444227380882694,6.368483985150648,11.0
1402,46.733333333333334,0.8679963570127505,0,5.138191473705554,0.44376294528973403,6.368483985150651,11.0
1403,46.766666666666666,0.8680850288711999,-1,4.214874155738155,0.40508359900317714,5.563981697315035,11.0
1404,46.8,0.8740948721737846,-1,3.084907253516267,-0.22845139297311334,6.172986272986272,11.0
1405,46.833333333333336,0.8736494098960161,0,5.124410960471199,0.4347567360607627,6.3684839851506485,11.0
1406,46.86666666666667,0.8735479343269249,0,3.050702395007118,-0.22403750473125683,6.172986272986269,11.0
1407,46.9,0.8847945231103047,0,3.1852658230699724,-0.18659935178317255,5.977488560821895,10.0
1408,46.93333333333333,0.8850867181799472,0,3.0395934938145324,-0.22403750473125683,6.172986272986269,11.0
1409,46.96666666666667,0.8849254596808889,0,5.127191432062286,0.42678491467140134,6.3684839851506485,11.0
1410,47.0,0.8949995313525166,0,3.965613635754245,-0.14063912461267591,6.781990848657519,10.0
1411,47.03333333333333,0.8944374209860936,0,2.580456655212224,-0.6877957479026975,7.390995424328762,10.0
1412,47.06666666666667,0.8950500152271184,0,3.3779267626388148,-0.6403459650739762,8.19549771216438,10.0
1413,47.1,0.8959089690797007,0,1.9576584291225103,-1.169401557885692,8.804502287835621,10.0
1414,47.13333333333333,0.8945509463376611,0,4.235117386605474,-0.5522705366215916,8.804502287835623,9.09613749512738
1415,47.166666666666664,0.8943509293318068,0,2.8440188740705565,-1.062415649250454,9.413506863506862,10.028595983141429
1416,47.2,0.8996376109989211,0,5.9400392654915635,0.4165040950902892,6.977488560821894,10.0
1417,47.233333333333334,0.8992640548915449,0,9.458485754061613,1.3997102668120363,6.954977121643793,12.0
1418,47.266666666666666,0.899280774550484,0,10.823210226454066,1.8569919518064637,6.541470258136928,13.0
1419,47.3,0.8991624604803372,0,10.0589847152077,1.825625723713614,5.736967970301306,13.0
1420,47.333333333333336,0.899289953957952,0,12.558406433115522,2.3780388619578616,5.932465682465685,13.0
1421,47.36666666666667,0.8994647363896053,0,12.590020895454074,2.3780388619578616,5.932465682465685,13.0
1422,47.4,0.9078420310296191,0,10.212028778498677,1.8285587834585613,5.9324656824656845,14.0
1423,47.43333333333333,0.9081180290837216,0,10.269095540556023,1.8305324742110543,5.9324656824656845,14.0
1424,47.46666666666667,0.9078947368421053,0,7.902089732410914,1.2999150320457602,5.736967970301303,14.0
1425,47.5,0.8997916123990622,0,10.489163660987018,1.9031484347848107,5.932465682465681,14.0
1426,47.53333333333333,0.899148725691823,0,10.42061343884491,1.9076701584467344,6.127963394630064,15.0
1427,47.56666666666667,0.8988831324360209,0,10.370390082909651,1.9076701584467344,6.127963394630064,15.0
1428,47.6,0.8900061012812691,0,14.72375642206353,3.1441745008861517,5.714456531123199,15.0
1429,47.63333333333333,0.889767623511033,0,16.230674782521348,3.7130345988583144,5.300949667616334,16.0
1430,47.666666666666664,0.8896373309903841,0,18.97411218858835,4.395921368565382,5.300949667616334,15.0
1431,47.7,0.8928339216050529,0,16.4089937687571,3.8588426087528376,5.300949667616334,16.0
1432,47.733333333333334,0.8931001648900346,0,20.565793227546607,5.13958843786088,5.113593518001231,17.0
1433,47.766666666666666,0.8931134595285101,0,20.746260672705702,5.235739304247943,5.113593518001234,17.0
1434,47.8,0.8987457339738713,0,19.10460133822697,4.710587916431763,5.496447379780712,16.0
1435,47.833333333333336,0.8988087474457632,0,14.898036334675524,3.46996387707199,5.714456531123198,15.0
1436,47.86666666666667,0.8987085833550743,0,17.421132780600388,4.136192966129187,5.714456531123199,14.0
1437,47.9,0.896297975842025,0,13.170226921339932,2.881389852866505,6.323461106794445,15.0
1438,47.93333333333333,0.8961416381549115,0,17.192505520930595,4.181656705465656,5.909954243287579,15.0
1439,47.96666666666667,0.8962439185289024,0,14.691147856357134,3.545521204392827,5.7144565311232,15.0
1440,48.0,0.8931340420430022,0,11.66450166962558,2.3149658268559676,6.54147025813693,13.0
1441,48.03333333333333,0.8933146797241931,0,6.303369410469465,0.46255539099863086,7.172986272986272,11.0
1442,48.06666666666667,0.8932126154215134,0,6.606557897151717,0.5369197124028062,6.7819908486575144,9.0
1443,48.1,0.8910604275699581,0,2.7151813933203996,-0.7219899822795242,7.195497712164378,9.0
1444,48.13333333333333,0.8909336680505938,0,3.6536048988195873,-0.6853949712291012,8.0,9.0
1445,48.166666666666664,0.890779183161147,0,3.6612686790557802,-0.686120379588175,8.000000000000004,9.0
1446,48.2,0.8900845935020213,0,3.6764505916767334,-0.686120379588175,8.000000000000004,9.0
1447,48.233333333333334,0.8901512315639739,0,1.326144241044389,-1.324334869949098,7.804502287835618,9.0
1448,48.266666666666666,0.8904032650615943,0,1.4919014955405459,-1.2869361853513226,7.609004575671241,8.192274990254774
1449,48.3,0.8901342882721576,0,1.3695262454229251,-1.3491177912999888,7.80450228783562,9.0
1450,48.333333333333336,0.8900030440310133,0,2.320847405585617,-1.3124062026250272,8.60900457567124,9.19227499025476
1451,48.36666666666667,0.8900071633237823,0,2.1842331973799816,-1.3505413696736923,8.804502287835614,10.0
1452,48.4,0.8898769874911331,0,1.2915928968835075,-1.3887165582655996,7.999999999999996,10.0
1453,48.43333333333333,0.8899250826167449,0,1.3220343079734178,-1.3887165582655996,7.999999999999997,10.0
1454,48.46666666666667,0.8897906212147431,0,1.337255013518373,-1.3887165582655996,7.999999999999997,10.0
1455,48.5,0.8884826020169638,0,1.3676964246082761,-1.3887165582655996,7.999999999999997,10.0
1456,48.53333333333333,0.8884864467886233,0,3.5285450932717097,-0.7759804650324043,8.390995424328755,11.0
1457,48.56666666666667,0.888490109339788,0,2.185044784428662,-1.3887165582655996,8.999999999999996,11.0
1458,48.6,0.8928667308876711,0,0.9271255640364231,-2.0279476425909024,9.609004575671243,11.0
1459,48.63333333333333,0.8931002353089812,0,4.5200082413823495,-0.7393588667083577,9.195497712164382,11.0
1460,48.666666666666664,0.893352500710878,0,2.4599429146007523,-1.3771252231882443,8.804502287835623,10.0
1461,48.7,0.8944675457173332,0,2.2115080910405354,-1.453485588595214,9.195497712164375,12.0
1462,48.733333333333334,0.8946506128379109,0,3.5380354281404394,-0.8446108486711523,8.58649313649313,12.0
1463,48.766666666666666,0.894100199286277,0,1.315159247874142,-1.5184745084926021,8.390995424328755,12.0
1464,48.8,0.875465484873665,-1,3.622534180971826,-0.8609773679933426,8.586493136493136,12.0
1465,48.833333333333336,0.8759644556696903,0,4.922224182966971,-0.20180494719221542,7.977488560821891,12.0
1466,48.86666666666667,0.8752924156611672,0,3.681866461002109,-0.8618656798776101,8.586493136493136,12.0
1467,48.9,0.8732565470789955,0,6.986163848520249,0.47053812121328065,8.368483985150647,13.0
1468,48.93333333333333,0.8739773635972197,0,4.832515441756687,-0.24692684601157566,8.172986272986268,13.0
1469,48.96666666666667,0.8739485460333082,0,7.182055576012093,0.5207997339306019,8.172986272986268,12.0
1470,49.0,0.8758501198264136,-1,6.444397125940444,0.5421274373092331,7.172986272986276,11.0
1471,49.03333333333333,0.8763016826728424,0,5.332212447159343,0.4649231361140096,6.563981697315034,12.0
1472,49.06666666666667,0.8762854875540512,-1,7.510862796153376,1.9151625002179458,5.5414702581369255,13.0
1473,49.1,0.8726561601288393,0,8.89950492886371,2.134334972124776,5.759479409479414,10.0
1474,49.13333333333333,0.8729232741195997,-1,9.075547933818282,1.5284614304059119,6.781990848657513,8.0
1475,49.166666666666664,0.8728372138878391,-1,11.456340911881147,2.453591686858317,6.586493136493137,9.0
1476,49.2,0.8632440028103985,-1,4.343700886952138,-2.51486611422402,8.732340064961733,12.420508920049826
1477,49.233333333333334,0.8655883243097824,0,2.607910672341923,-4.400225929867219,10.311685192676924,15.551728345116771
1478,49.266666666666666,0.8654259969067313,-1,1.471394067232012,-5.671310756952408,11.469119772517384,17.527594467906738
1479,49.3,0.8612625078041949,0,-1.4879783901722163,-8.42648950117848,14.135068635068638,20.099246330651226
1480,49.333333333333336,0.8634123286746337,-1,-4.628406612303781,-10.516245541444164,15.721561771561772,20.998185927937982
1481,49.36666666666667,0.8621033085752869,-1,-6.317731425658479,-12.332371621752799,17.526064059397385,23.036105444737245
1482,49.4,0.8579499185667753,-1,-5.060592234511592,-8.9980655384162,11.48104118104118,15.015884635719374
1483,49.43333333333333,0.8607325745589411,0,-4.7924073374057325,-6.834309014380011,7.654027454027451,10.02431391687594
1484,49.46666666666667,0.8609518299841759,0,-2.6313507927262894,-4.0423310929988645,4.6315160148493435,6.009026361184283
1485,49.5,0.8604778250251891,0,-2.564734857286556,-3.090155023175299,3.022511439178106,4.016541055108576
1486,49.53333333333333,0.8613198524388578,0,-1.4537319226776224,-2.0981705140106612,2.4135068635068606,3.0285959831414857
1487,49.56666666666667,0.8617886178861789,-1,0.9991719834982955,0.0,1.0,1.0
1488,49.6,0.8586907915104399,0,-1.3125232502838533,-1.0830527646131998,0.8045022878356193,1.0961374951274365
1489,49.63333333333333,0.8586590064675932,0,0.0,0.0,0.0,0.0
1490,49.666666666666664,0.8588409337209503,0,-1.3123133395179765,-1.083942347080324,0.804502287835622,1.0961374951273797
1491,49.7,0.8430632855717016,0,-1.1439088196876832,-1.0221452412622511,0.6090045756712386,0.9989159566753756
1492,49.733333333333334,0.8420135658586918,0,0.0,0.0,0.0,0.0
1493,49.766666666666666,0.8425957245298336,0,0.0,0.0,0.0,0.0
1494,49.8,0.8499100179964008,0,0.0,0.0,0.0,0.0
1495,49.833333333333336,0.8503334876463831,0,0.0,0.0,0.0,0.0
1496,49.86666666666667,0.8502477581743052,0,0.0,0.0,0.0,0.0
1497,49.9,0.8434654365235882,0,0.0,0.0,0.0,0.0
1498,49.93333333333333,0.843330932537641,0,0.1683865652970118,0.061820491094806584,0.2564102564102555,1.0
1499,49.96666666666667,0.84311069193175,0,0.1683865652970118,0.061820491094806584,0.2564102564102555,1.0
1500,50.0,0.8403089358495736,0,7.309879506489318,3.5237918735271876,6.1972338106406,23.0
1501,50.03333333333333,0.8403726920837187,0,10.942045460462197,5.461224658208181,10.10812809524931,38.0
1502,50.06666666666667,0.8501353064090706,-1,15.964952464556102,8.147043089869697,13.015574572691202,48.0
1503,50.1,0.8424946782943075,-1,20.946978586653696,11.780390311756719,16.335412024461608,59.0
1504,50.13333333333333,0.8416492227445866,-1,26.20934310910111,16.095692066701986,19.561786491745174,67.0
1505,50.166666666666664,0.8414939610211364,-1,29.01038521236418,18.299653035350985,21.77776722987926,73.0
1506,50.2,0.6785085031407998,0,13.086730275830856,16.46799869325065,30.451424501424498,70.0
1507,50.233333333333334,0.67827452783205,1,1.5877427936358908,14.890148282437224,36.6919450919451,68.0
1508,50.266666666666666,0.677985903623688,2,-6.645124199161328,13.464388095962903,40.51895881895881,66.0
1509,50.3,0.8526855570009237,2,1.6666249806983302,22.235656896349184,45.82701372701373,61.0
1510,50.333333333333336,0.8529461708269656,1,7.482978865801583,27.9189412415696,48.894548044548046,58.0199273229577
1511,50.36666666666667,0.8531902453744743,2,8.884339724335785,30.562724245380025,51.135068635068635,59.481525718440366
1512,50.4,0.8446149381506874,3,-6.983513103849122,23.014776935412897,48.20260295260295,56.988429538016305
1513,50.43333333333333,0.842742815569298,4,-23.18696837335326,14.373530069252809,45.02961667961668,55.61433684160954
1514,50.46666666666667,0.8426510451725581,5,-33.437624559452395,8.57554432966586,42.63862125528792,54.62200220281022
1515,50.5,0.8558507830371282,3,-27.557872381529673,4.475846233538107,31.54857549857549,39.205862039195324
1516,50.53333333333333,0.8559888775474288,3,-22.69109292940592,2.164442298711208,24.48104118104119,28.720679993407316
1517,50.56666666666667,0.867968143318946,2,-23.5288420497929,-1.3557366307668417,20.022511439178103,22.042947308787518
1518,50.6,0.8741570589514901,1,-16.946426174297773,-0.17367240619589097,16.413506863506864,17.28841248538214
1519,50.63333333333333,0.8743472584856397,1,-17.09639455403819,-1.9900187039264665,13.586493136493138,15.0
1520,50.666666666666664,0.8758447330552469,1,-14.828478137618134,-1.8732250163641595,11.977488560821895,14.0
1521,50.7,0.6994589276930644,4,-28.90200685159408,-0.44258493516608155,31.150474833808175,39.0
1522,50.733333333333334,0.8491160632348103,3,-22.420198274186337,-0.5597757945140529,23.759479409479418,30.0
1523,50.766666666666666,0.84937057366972,2,-18.696158110351128,-0.6183289462121877,19.563981697315036,25.0
1524,50.8,0.8656014544691712,2,-14.80169696444544,-0.6183289462121877,15.563981697315038,21.0
1525,50.833333333333336,0.8661666491835379,2,-12.856006976483615,-0.6183289462121877,13.563981697315038,19.0
1526,50.86666666666667,0.8688337259590029,1,-11.883161982502703,-0.6183289462121877,12.563981697315038,18.0
1527,50.9,0.7004458221587545,3,-27.477448790906,0.6490651916557795,32.15047483380816,41.0
1528,50.93333333333333,0.7023098748455151,4,-37.718545063474195,0.8921792748977566,43.93246568246568,56.0
1529,50.96666666666667,0.6981053218166621,5,-45.24668000357863,1.0115468427397616,52.323461106794454,66.0
1530,51.0,0.7781107627280129,5,-42.483223013314785,-2.6546446944941238,39.954977121643786,45.0
1531,51.03333333333333,0.7794342242276987,5,-44.35957312521717,-6.99546723945781,31.368483985150654,37.0
1532,51.06666666666667,0.7826298081925704,4,-46.35723208819486,-10.912311769551792,24.954977121643804,34.0
1533,51.1,0.8060881323024651,4,-34.950650522201016,-8.77154469402808,18.541470258136922,25.0
1534,51.13333333333333,0.8112171548334575,3,-33.00254656833119,-10.500356560428145,13.909954243287576,21.0
1535,51.166666666666664,0.8083001212961358,2,-27.689702518346277,-9.434462537373662,11.105451955451946,18.0
1536,51.2,0.8655381778326752,2,-27.544428926814803,-9.74804302418056,9.323461106794447,16.0
1537,51.233333333333334,0.8650928954143762,2,-24.585050214570774,-7.963706115980784,9.345972545972547,15.0
1538,51.266666666666666,0.8650674923462288,1,-21.522856138481174,-7.023836751542888,7.954977121643805,13.0
1539,51.3,0.8698044115860537,2,-29.975649445677774,-7.3112884134330045,14.977488560821893,21.0
1540,51.333333333333336,0.8705445458647139,3,-34.19440844143845,-6.540070226084964,20.0,26.0
1541,51.36666666666667,0.8706805283162955,3,-39.73378797076516,-7.713078239087196,22.804502287835625,30.0
1542,51.4,0.8764715033967744,4,-45.01662048819935,-8.216356906504785,26.022511439178107,34.0
1543,51.43333333333333,0.8760332007608508,4,-48.80299904076598,-8.542887890177639,28.24052059052059,37.0
1544,51.46666666666667,0.8762644165096053,4,-51.09068359474907,-8.684540527528611,29.849525166191825,39.0
1545,51.5,0.8715556929842644,4,-55.28354209736809,-12.129496138282917,26.654027454027453,39.0
1546,51.53333333333333,0.8722819552746385,3,-55.53640908011533,-13.288120869247194,24.263032029698696,38.0
1547,51.56666666666667,0.872146746131254,4,-57.99719423617392,-15.460731967722324,22.384853205835764,38.0
1548,51.6,0.8727672060261844,3,-44.30035991538464,-12.763735703418405,15.827013727013725,28.0
1549,51.63333333333333,0.8734085995676195,3,-40.76633404809055,-14.462734721391456,10.586493136493141,23.0
1550,51.666666666666664,0.8733571256991867,3,-36.239093871218316,-14.228465879846738,7.368483985150663,19.0
1551,51.7,0.8415209073517355,2,-21.865160489228145,-7.8494542400283365,5.39099542432876,12.0
1552,51.733333333333334,0.8413557585588662,2,-15.014636781940254,-5.588150301441459,3.3909954243287572,8.0
1553,51.766666666666666,0.8414159352481131,1,-9.264110889250444,-3.3720276528873114,2.195497712164385,5.0
1554,51.8,0.8493541294489487,1,-5.790995530136722,-2.228885646547269,1.195497712164385,3.0
1555,51.833333333333336,0.8492212051999793,1,-3.4803004630321634,-1.1457628381751306,1.0,2.0
1556,51.86666666666667,0.8495183143578383,1,-1.1683877510151595,-0.061820491094835006,0.804502287835622,1.0961374951273797
1557,51.9,0.8547835601449771,1,-2.312110529880224,-1.0839657323570577,0.25641025641025833,1.0
1558,51.93333333333333,0.8545988994086885,1,-2.312110529880224,-1.0839657323570577,0.25641025641025833,1.0
1559,51.96666666666667,0.8543745727956255,0,0.0,0.0,0.0,0.0
1560,52.0,0.8656628692931353,1,-12.509908243360341,-7.815779573083574,8.363164264908985,27.0
1561,52.03333333333333,0.8665030080907268,2,-15.990444724529919,-8.723882432141949,11.454993240782953,41.0
1562,52.06666666666667,0.866597510373444,2,-17.645206012871952,-9.32686831741509,13.92720498051076,51.0
1563,52.1,0.8624645794457115,2,-21.451606421702127,-11.898826522007084,16.823823499053066,61.0
1564,52.13333333333333,0.8628223743345087,2,-25.8184336922257,-14.307033864151009,19.01218490977444,68.0
1565,52.166666666666664,0.862824745475602,2,-27.474999918797653,-15.49260158137804,20.24591034666792,72.0
1566,52.2,0.8649430731866958,1,-17.54581575739163,-10.49286183691379,17.126285386891464,63.0
1567,52.233333333333334,0.8643924783027965,0,-12.854495770117826,-7.921454221844186,15.04198008908753,56.0
1568,52.266666666666666,0.8645255725848114,0,-7.903856212134496,-4.701402713940297,13.462851561933288,52.0
1569,52.3,0.8635942168343693,0,-5.235580080309109,-3.9883286555782718,12.428913062246403,45.0
1570,52.333333333333336,0.8631712676830106,0,-4.516119082566355,-3.663608679630812,11.842419925753253,42.0
1571,52.36666666666667,0.8634576759995194,0,-3.9078230723940734,-3.4012906174832835,11.255926789260121,39.0
1572,52.4,0.8569892286611278,0,-0.759595069594944,-4.197409652592853,12.932465682465676,29.0
1573,52.43333333333333,0.8590432912446233,0,-0.9975953101690465,-5.175682409090371,12.78199084865751,22.0
1574,52.46666666666667,0.8587633336224092,0,0.05949356750670631,-5.466607552014665,13.413506863506859,18.0
1575,52.5,0.8545448347565237,0,-1.4182879000840245,-7.672270302047849,14.676538893205551,18.11930886173309
1576,52.53333333333333,0.8546613708811346,-1,-1.5986641901282042,-8.027451054342208,14.699050332383667,19.013716549070068
1577,52.56666666666667,0.8547735524229976,-1,-0.7146915053130201,-8.315403604719478,15.526064059397399,21.010464419096195
1578,52.6,0.858985749923111,-1,-1.8316235745026148,-8.624760686909383,14.548575498575497,21.04763250217792
1579,52.63333333333333,0.8593501632283317,-1,-3.209634587155186,-9.028825547750671,14.157580074246741,21.045131805921585
1580,52.666666666666664,0.8593555004701257,-1,-1.589846456288143,-8.23288199529614,14.012082362082364,21.149864827550743
1581,52.7,0.8648021053717942,-1,0.312134988498034,-5.987035121764336,12.917059483726153,18.116782717333678
1582,52.733333333333334,0.8665256423485709,0,3.1679760686439558,-3.6455030096466032,11.872036605369942,15.083700607116612
1583,52.766666666666666,0.8663535807056476,-1,6.99965930888998,-1.7250486303785237,11.849525166191835,14.198187521419896
1584,52.8,0.8705698162549033,-1,7.483651257416839,-0.5239733879387813,10.022511439178107,11.161727348596031
1585,52.833333333333336,0.8697902338376892,-1,8.087124855818956,0.039084674019875365,9.804502287835623,10.096137495127408
1586,52.86666666666667,0.8697192180058116,-1,8.884198569041923,0.6522295418805584,9.390995424328759,10.0
1587,52.9,0.8698143678260719,-1,7.63976279641982,0.5234265268783247,8.977488560821897,12.0
1588,52.93333333333333,0.8699638788552375,-1,6.603691289365066,0.4456226488864843,8.36848398515065,13.0
1589,52.96666666666667,0.8699654375879258,-1,6.483835958707499,0.40678150270872493,8.563981697315029,14.0
1590,53.0,0.8690144057833693,-1,7.427892872994976,0.444227380882694,9.368483985150649,14.0
1591,53.03333333333333,0.8688052786747157,-1,8.275796820108225,1.0318908921997831,8.954977121643788,15.0
1592,53.06666666666667,0.8688144872604759,-1,7.2389339187709165,0.39769740166937595,9.563981697315029,15.0
1593,53.1,0.8713194406461375,0,7.552517822481121,0.4721948890088754,9.172986272986273,13.0
1594,53.13333333333333,0.871620020056523,-1,7.554811602345298,0.49103074072630193,8.977488560821897,12.0
1595,53.166666666666664,0.871519483598038,-1,7.579764169998594,0.49103074072630193,8.977488560821897,12.0
1596,53.2,0.8707300027531291,0,7.421917216022987,0.46320906401555817,8.97748856082189,12.0
1597,53.233333333333334,0.870777116472158,-1,7.535312518514697,0.48736344920484953,8.781990848657516,11.0
1598,53.266666666666666,0.8706268530283778,0,6.407369771146968,-0.03259141852964831,9.19549771216438,10.0
1599,53.3,0.885053353463497,0,6.137698564314626,-0.06252731124493494,9.390995424328755,11.0
1600,53.333333333333336,0.8839934500051172,0,4.645559325569089,-0.6037281452497609,10.195497712164379,12.0
1601,53.36666666666667,0.8847541780769329,0,4.559005144959087,-0.5911365238835344,10.19549771216438,12.0
1602,53.4,0.8853119701177107,0,4.712198811187939,-0.5718976657160795,10.000000000000004,11.0
1603,53.43333333333333,0.8854340772785371,0,4.698482559513408,-0.5725150492295938,9.999999999999995,11.0
1604,53.46666666666667,0.8850896585605502,0,4.832961617333972,-0.5419200036810707,9.804502287835614,10.096137495127408
1605,53.5,0.8885986965754595,0,4.832961617333972,-0.5419200036810707,9.804502287835614,10.096137495127408
1606,53.53333333333333,0.8884849076401259,0,2.5782541115373334,-1.095371647087859,9.609004575671237,10.192274990254802
1607,53.56666666666667,0.8884794650918764,0,2.5782541115373334,-1.095371647087859,9.609004575671237,10.192274990254802
1608,53.6,0.8880897026058316,0,1.1765234570444392,-1.626377326298666,10.218009151342482,11.088385205924226
1609,53.63333333333333,0.8883208141507148,0,2.456422071258018,-1.1475016943038554,9.804502287835623,11.0
1610,53.666666666666664,0.8885145779307336,0,3.469623283258059,-1.0838722995985677,10.413506863506862,11.028595983141443
1611,53.7,0.8862002412545236,0,4.884740440762897,-0.552270536621478,9.804502287835623,10.09613749512738
1612,53.733333333333334,0.8859886133359066,0,1.076520027644797,-1.657005399299635,10.413506863506862,11.288412485382196
1613,53.766666666666666,0.8858280062718611,0,4.749126962761316,-0.5834499742053083,10.0,11.0
1614,53.8,0.8882905536841107,0,2.648348888932773,-1.0941905403024066,9.60900457567124,10.192274990254788
1615,53.833333333333336,0.888564650059312,0,2.662086786322945,-1.0941905403024066,9.60900457567124,10.192274990254788
1616,53.86666666666667,0.8882325029655991,0,2.671625983179993,-1.1138834513752442,9.60900457567124,10.192274990254788
1617,53.9,0.8905873074781964,0,2.697977085705098,-1.1150853956185642,9.609004575671246,10.192274990254788
1618,53.93333333333333,0.890558337970692,0,2.852962697909554,-1.0838722995983971,9.413506863506864,10.028595983141443
1619,53.96666666666667,0.8908057971014492,0,2.8665799531199667,-1.0838722995983971,9.413506863506864,10.028595983141443
1620,54.0,0.8882185947480482,0,4.275021771549049,-0.5640297247498438,8.804502287835618,9.096137495127408
1621,54.03333333333333,0.8884646971344861,0,2.208877293078203,-1.108134312326655,8.413506863506864,9.028595983141415
1622,54.06666666666667,0.8884105886790779,0,4.614844798689035,-0.5097816222521487,8.413506863506864,9.028595983141457
1623,54.1,0.8869008891780524,0,4.628422697073816,-0.5103308875252992,8.413506863506864,9.028595983141457
1624,54.13333333333333,0.8868669341719987,0,4.635481334329569,-0.5108807049522284,8.413506863506862,9.028595983141429
1625,54.166666666666664,0.8868980477223427,0,4.642008499194432,-0.5108807049522284,8.413506863506864,9.028595983141429
1626,54.2,0.8655538630786156,0,4.372150302534436,-0.5766490423200707,8.804502287835623,9.096137495127394
1627,54.233333333333334,0.8647682315357438,0,2.637018016252,-1.2306829586254082,10.000000000000005,12.0
1628,54.266666666666666,0.8645086216016079,0,3.8224198438885466,-0.7081876568553298,9.586493136493136,13.0
1629,54.3,0.8752589278316347,0,4.150299281679004,-0.6553586887289953,9.195497712164373,11.0
1630,54.333333333333336,0.8757380513372972,0,4.045546519564795,-0.7023799723328636,9.390995424328754,12.0
1631,54.36666666666667,0.875613646249767,0,4.196969494319227,-0.6685352467428061,9.195497712164372,11.0
1632,54.4,0.8840825154563448,0,3.328181867678481,-0.7031338436455599,8.390995424328755,11.0
1633,54.43333333333333,0.8842002162956313,0,3.4863796334721684,-0.6685352467428061,8.195497712164372,10.0
1634,54.46666666666667,0.8843830360422874,0,3.494042131651824,-0.6685352467428061,8.195497712164372,10.0
1635,54.5,0.8828893259431432,0,4.81423060120926,-0.10368468402748476,7.586493136493137,10.0
1636,54.53333333333333,0.8823856527179202,0,2.6506552039548623,-0.7164688697494341,7.390995424328753,10.0
1637,54.56666666666667,0.8826790113645394,0,2.801063306697621,-0.6819443325137797,7.195497712164371,9.0
1638,54.6,0.8836201895184684,0,1.5590901780097681,-1.2481194331699328,7.804502287835618,9.0
1639,54.63333333333333,0.8838180693069307,0,1.5883077671868904,-1.2481194331699328,7.80450228783562,9.0
1640,54.666666666666664,0.8839273627414956,0,1.6029165617754586,-1.2481194331699328,7.80450228783562,9.0
1641,54.7,0.8889564028558408,0,2.739407429409937,-0.7300187765389126,7.3909954243287554,10.0
1642,54.733333333333334,0.8886821469934876,0,4.914767808127593,-0.10764343210772154,7.586493136493138,10.0
1643,54.766666666666666,0.8885766367917363,0,4.91555293507286,-0.10764343210772154,7.586493136493138,10.0
1644,54.8,0.8754524483786875,-1,4.634841345232921,-0.17940582982470232,7.977488560821891,12.0
1645,54.833333333333336,0.8755743946583642,-1,4.637458433705348,-0.17940582982470232,7.977488560821891,12.0
1646,54.86666666666667,0.87546893757503,-1,5.8682744149500365,0.41759046080605344,7.368483985150649,12.0
1647,54.9,0.8686480581609974,-1,4.640005078623094,-0.17921485824660977,7.977488560821895,12.0
1648,54.93333333333333,0.8664444821028451,0,4.50079645335855,-0.2149434117135911,8.172986272986272,13.0
1649,54.96666666666667,0.8665499190298648,0,6.542646219547763,0.40942684437990806,8.368483985150645,13.0
1650,55.0,0.8727252735169608,0,4.509935523150002,-0.21517247867930678,8.172986272986268,13.0
1651,55.03333333333333,0.8732293709112898,0,6.575035511356372,0.41759046080605344,8.36848398515065,13.0
1652,55.06666666666667,0.8723513360071791,0,4.697363624743787,-0.18278123739654006,7.977488560821894,12.0
1653,55.1,0.8713898255387773,0,4.561942084182018,-0.2194539350765865,8.172986272986275,13.0
1654,55.13333333333333,0.87238919553298,0,4.4256413147543086,-0.2561655237515197,8.368483985150654,14.0
1655,55.166666666666664,0.8728443531224774,-1,4.42748360106285,-0.2561655237515197,8.368483985150654,14.0
1656,55.2,0.8401571512162501,0,5.527300874844798,0.35279364627621135,7.759479409479408,14.0
1657,55.233333333333334,0.8393340687995186,0,5.369406999519725,0.3162995281847998,7.954977121643788,15.0
1658,55.266666666666666,0.8396095538952681,-1,5.411358961065877,0.322205162549011,7.9549771216437835,15.0
1659,55.3,0.8613572162300975,0,7.364482984448735,1.0140981227657164,7.954977121643782,14.0
1660,55.333333333333336,0.8620900027293015,-1,9.47901674117785,1.7621785993636365,7.759479409479408,12.0
1661,55.36666666666667,0.8615308039369952,-1,11.180689632120888,2.4055933191774272,7.954977121643781,12.0
1662,55.4,0.8624801126492694,0,8.654998395748809,1.1191134254492567,8.172986272986273,11.0
1663,55.43333333333333,0.8621187742265779,-1,8.872473292055663,1.131926609369657,7.977488560821891,10.0
1664,55.46666666666667,0.8624769149189051,0,4.832825073833359,-0.10379582503458096,7.586493136493132,10.0
1665,55.5,0.860630374554744,-1,6.855598216681482,0.4976966229918389,7.7819908486575144,10.0
1666,55.53333333333333,0.8596882761599655,0,4.77764172216073,-0.10164332178763402,7.586493136493135,10.0
1667,55.56666666666667,0.8599352051835853,0,5.654103030428949,-0.06772582121112691,8.390995424328754,10.0
1668,55.6,0.8730646890322127,0,6.008233001691899,0.4627123893006342,6.977488560821892,10.0
1669,55.63333333333333,0.873253545631887,0,6.0051544509815855,0.4622161841050456,6.9774885608218895,10.0
1670,55.666666666666664,0.8725397160129341,0,6.0051544509815855,0.4622161841050456,6.9774885608218895,10.0
1671,55.7,0.875256120854315,0,4.033081021696482,-0.10153421172012145,6.586493136493132,9.0
1672,55.733333333333334,0.8755861206627071,0,4.069761013175494,-0.10335187989196015,6.586493136493138,9.0
1673,55.766666666666666,0.8755752366067552,0,3.9309456882568696,-0.13787641712764298,6.781990848657517,10.0
1674,55.8,0.8742577476598731,0,4.071814187262078,-0.10346271135551888,6.586493136493138,9.0
1675,55.833333333333336,0.8738340949153702,0,4.310768521492534,-0.033881095621069335,6.195497712164371,7.0
1676,55.86666666666667,0.8738256182082655,0,3.136675452820768,-0.6000926012326886,6.804502287835628,7.09613749512738
1677,55.9,0.8764110322355405,-1,6.256044786468017,0.5316505634204987,6.586493136493134,8.0
1678,55.93333333333333,0.8756087426244494,-1,4.214323240219784,-0.06901209621196358,6.390995424328757,8.0
1679,55.96666666666667,0.8757417102966841,-1,4.077743122320825,-0.10357364610104014,6.5864931364931305,9.0
1680,56.0,0.8899135351941349,-1,5.4116479949578,0.507135665276536,5.781990848657513,8.0
1681,56.03333333333333,0.8888487020566525,-1,5.405227520451547,0.507135665276536,5.781990848657513,8.0
1682,56.06666666666667,0.8888779284833539,-1,5.6059805816252535,0.5525697626915758,5.586493136493133,7.0
1683,56.1,0.9018916525798921,-1,5.5925343650290245,0.5525697626915758,5.586493136493134,7.0
1684,56.13333333333333,0.901552234960711,0,6.790334284746173,1.1508370786167461,4.977488560821891,7.0
1685,56.166666666666664,0.9017729183104942,0,7.898410012831377,1.7289855860959449,4.368483985150652,7.0
1686,56.2,0.9140347598579704,0,5.842169263453581,1.1155455955297668,4.172986272986278,7.0
1687,56.233333333333334,0.9139513502563383,0,5.955785505747631,1.152063047494039,3.977488560821898,6.0
1688,56.266666666666666,0.9146641732896993,0,7.116446897258875,1.7615660222620306,3.3684839851506565,6.0
1689,56.3,0.9202546386150143,0,3.7817454454271022,0.49050920209054993,3.977488560821892,7.0
1690,56.333333333333336,0.9196661288320714,0,5.004636879282359,1.1155455955297668,3.172986272986278,6.0
1691,56.36666666666667,0.9194128964190406,0,6.912957090790634,1.724403503529544,3.563981697315034,7.0
1692,56.4,0.9216177193413615,0,5.041160437175616,1.1365296288228421,3.172986272986271,6.0
1693,56.43333333333333,0.921291531620098,0,5.027602091903887,1.1365296288228421,3.172986272986271,6.0
1694,56.46666666666667,0.9207785424603663,-1,5.1541473140272025,1.1737314314945024,2.9774885608218895,5.0
1695,56.5,0.9070393916537106,-1,6.0997783947632165,1.7586341058463688,2.5639816973150316,6.0
1696,56.53333333333333,0.9077538461538461,-1,6.058477249059681,1.7586341058463688,2.5639816973150316,6.0
1697,56.56666666666667,0.9091258848876578,0,4.999703612825286,1.1590412555148077,3.172986272986273,6.0
1698,56.6,0.8839020771513353,0,4.8233187428745055,1.1223296668398461,3.3684839851506525,7.0
1699,56.63333333333333,0.8828569660975006,0,5.720806932795142,1.1602651652924862,4.1729862729862734,7.0
1700,56.666666666666664,0.8819647300659958,0,6.617854482485702,1.198240538651703,4.977488560821895,7.0
1701,56.7,0.9132909591120387,-1,18.348000811645992,7.02687063066611,4.193410423369102,14.0
1702,56.733333333333334,0.9130599788105441,-1,23.64527193415475,10.02913672169558,5.482931978065127,18.0
1703,56.766666666666666,0.9129217924796812,-1,29.080627083401883,13.138601234997509,6.86853104043187,21.0
1704,56.8,0.9191254374418082,-2,20.9695842284732,9.170099238790243,5.006936604870495,16.0
1705,56.833333333333336,0.9193618284833797,-1,13.041621839081897,5.692292595778326,3.522418577239516,12.0
1706,56.86666666666667,0.9190581664098614,-1,12.092842372230626,5.024226093963591,2.7795912255278665,9.0
1707,56.9,0.9102407115006605,0,7.504640239462933,3.0382787603831787,2.230830996028422,8.0
1708,56.93333333333333,0.909136319690622,0,7.819971795931879,3.118793532573875,1.8227250965542943,6.0
1709,56.96666666666667,0.909042587462148,0,3.141612942211804,1.1540804942713123,1.392028482179994,5.0
1710,57.0,0.9105157052741106,0,3.9338603142108255,1.7304580142953796,1.8116516760456165,7.0
1711,57.03333333333333,0.9075637045660329,-1,5.122171750756035,2.438949140157831,2.018118132420245,7.0
1712,57.06666666666667,0.91005592041095,0,4.120874261671974,1.7963392768991753,1.8116516760456178,7.0
1713,57.1,0.9114041022425372,0,2.334903807942503,1.164157802932948,1.5600873644262117,6.0
1714,57.13333333333333,0.9115453165225428,0,2.432888818885651,1.2070804640810593,1.56008736442621,6.0
1715,57.166666666666664,0.9114322955336667,0,2.4486294610794026,1.2082791938358923,1.5600873644262108,6.0
1716,57.2,0.9135002421792795,-1,4.868848946557858,2.0617222886240825,1.376355684413538,5.0
1717,57.233333333333334,0.9133324427225971,-1,2.720965187395862,1.3202667245288922,1.3303256006653619,5.0
1718,57.266666666666666,0.9134559179651619,-1,5.015130930785542,2.136352511693417,1.3763556844135372,5.0
1719,57.3,0.916606010190288,-1,5.145248783755129,2.2464252329464784,1.376355684413531,5.0
1720,57.333333333333336,0.9167619839866903,-1,2.818485539111144,1.4147117513078342,1.3303256006653654,5.0
1721,57.36666666666667,0.9169613144758736,0,2.8358000657753095,1.4377947759531935,1.3303256006653625,5.0
1722,57.4,0.9122510792368751,0,5.225590103350051,2.358938826583909,1.3763556844135372,5.0
1723,57.43333333333333,0.9122700134031924,0,5.252538573170774,2.395038986683346,1.376355684413533,5.0
1724,57.46666666666667,0.9120719776380154,0,3.950692611016727,1.55688689049191,1.3920284821799982,5.0
1725,57.5,0.9052662446311214,0,3.764684019455025,1.5726795420349333,1.6077802108105133,6.0
1726,57.53333333333333,0.9040715131341901,-1,7.5447639667316615,3.563106390443295,1.485809746829031,5.0
1727,57.56666666666667,0.9039293067947838,0,6.1133179939617825,2.6355877833764794,1.773166235356321,6.0
1728,57.6,0.8910571271582943,0,-3.118396870486471,-3.1997997408552976,8.32346110679445,24.0
1729,57.63333333333333,0.8910868008725045,0,-9.866183926140227,-7.880268951187077,12.909954243287576,35.0
1730,57.666666666666664,0.8911385660528156,0,-13.584043550590376,-10.408245601854333,15.691945091945092,43.0
1731,57.7,0.8573232323232324,-1,18.21719524346902,5.199832216219761,13.278438228438233,29.0
1732,57.733333333333334,0.8582797521141737,-1,36.76212671568142,15.193496255463998,11.473935940602605,21.0
1733,57.766666666666666,0.8572876512029776,-1,45.42454284294467,20.24852510457532,10.473935940602615,25.0
1734,57.8,0.8814196732871078,-2,30.709981047399346,13.454974885539855,6.714456531123202,16.0
1735,57.833333333333336,0.880892425463336,-1,21.77999598760899,9.4455332459859,4.541470258136933,11.0
1736,57.86666666666667,0.8809555786858275,-1,14.215523058904925,6.292158425125592,2.7594794094794226,7.0
1737,57.9,0.896728693464009,0,7.741459051425699,3.1869784654896023,1.7819908486575187,4.0
1738,57.93333333333333,0.896777183718736,0,5.614564906926387,2.167156073892613,1.3909954243287543,3.0
1739,57.96666666666667,0.8968200102633713,0,4.44692407964821,2.105335582797778,0.5910554117854361,2.0
1740,58.0,0.8998038601638344,0,2.1416750980708885,1.0221452412622511,0.3909954243287615,1.0
1741,58.03333333333333,0.8998236738460524,0,1.1683853335516403,0.061820491094806584,0.804502287835622,1.0961374951273797
1742,58.06666666666667,0.8998928895114113,0,2.3102477041905187,1.0839657323570577,0.25641025641025833,1.0
1743,58.1,0.8987393851622671,0,1.9675482619791929,2.2862568001517047,3.1954977121643795,6.0
1744,58.13333333333333,0.8987872904085696,0,1.7265395393843939,2.5248193653721955,5.3684839851506485,13.0
1745,58.166666666666664,0.8987577128753599,0,2.758937623854287,2.868037329808999,6.932465682465694,21.0
1746,58.2,0.899734887780138,0,3.7226102553531533,2.8149381362295287,6.323461106794438,22.0
1747,58.233333333333334,0.899996706626268,0,5.214667498729078,3.531455452999097,6.188629270263791,22.0
1748,58.266666666666666,0.900182803313516,0,6.020555147984716,3.46045367003191,6.095145029442567,22.0
1749,58.3,0.9026325399196627,0,1.2046408556993597,2.3500575508152224,7.541470258136927,20.0
1750,58.333333333333336,0.9016872107105529,0,-4.360841099936152,-0.21235484280620653,7.7369679703012935,18.0
1751,58.36666666666667,0.901698908318678,0,-6.561593651903632,-0.353938162699194,9.150474833808165,17.0
1752,58.4,0.8878776366429362,0,-4.6627121576239166,0.46758752666886494,8.954977121643784,17.0
1753,58.43333333333333,0.8892781018158986,1,-4.649962007834036,0.4688868462004052,8.95497712164379,17.0
1754,58.46666666666667,0.8881344171292624,0,-1.5256124469062928,2.1153235146952625,9.56398169731504,18.0
1755,58.5,0.8894109083690384,1,-2.4691959696298853,2.067438410413672,10.368483985150657,18.0
1756,58.53333333333333,0.888139181054442,1,-5.494236547787184,0.4688868462004052,9.95497712164379,18.0
1757,58.56666666666667,0.8881722564000794,0,-5.487851618409669,0.46845376460720445,9.954977121643783,18.0
1758,58.6,0.8878504672897196,1,-6.947911693946825,0.28107229985900517,10.17298627298627,15.0
1759,58.63333333333333,0.8882832887391405,1,-8.118302642490004,-0.536034632592731,9.36848398515065,14.0
1760,58.666666666666664,0.888288823927728,1,-8.270822097452266,-0.5822286381481092,9.172986272986282,13.0
1761,58.7,0.8886431165401123,1,-9.500042198612428,-0.7087507166624505,9.586493136493143,11.0
1762,58.733333333333334,0.8872974489290782,1,-12.77636722481233,-2.30655841801007,8.977488560821893,11.0
1763,58.766666666666666,0.8872772277227723,1,-12.785290365780988,-2.3119077600505307,8.781990848657522,11.0
1764,58.8,0.8879197629963093,1,-11.250110734132544,-1.670752357354388,8.000000000000004,10.0
1765,58.833333333333336,0.8888944058258854,1,-8.278832216990686,-0.17992221468861658,8.218009151342489,9.384549980509576
1766,58.86666666666667,0.8890875084827118,1,-9.432188854900772,-0.959629465965179,7.413506863506868,9.0
1767,58.9,0.8953407163523895,1,-6.328440489341616,0.5588677690934105,7.8270137270137266,9.240226664469105
1768,58.93333333333333,0.8951864902599561,1,-8.503447504002779,-0.26534399397911557,7.827013727013724,9.576824970764392
1769,58.96666666666667,0.8924773858543765,1,-8.505038322014931,-0.26534399397911557,7.827013727013724,9.576824970764392
1770,59.0,0.8937218163968251,1,-10.404732570916892,-0.9876608018711295,8.218009151342486,10.0
1771,59.03333333333333,0.8941501397577533,1,-11.613824383548542,-1.7411440032322218,7.413506863506866,10.0
1772,59.06666666666667,0.8938506588579795,1,-11.36801028945318,-1.669257909165708,7.609004575671257,10.0
1773,59.1,0.8975688058054376,1,-12.586929712560996,-2.395384432281304,7.000000000000003,10.0
1774,59.13333333333333,0.8975186436143531,1,-10.457737363736053,-1.625723058516229,6.804502287835627,9.0
1775,59.166666666666664,0.8975220706260032,1,-11.388373262336513,-2.269207504040594,6.390995424328757,9.0
1776,59.2,0.8973689598689598,0,-9.270211629381212,-2.0977713377702116,5.172986272986274,7.0
1777,59.233333333333334,0.8971586451546885,1,-6.997850930301347,-1.3017159156044045,5.172986272986276,8.0
1778,59.266666666666666,0.8970392604973224,1,-6.057645027345,-1.2591862259461095,4.368483985150652,8.0
1779,59.3,0.9062723670198838,0,-5.787794100960589,-1.1547334172953185,4.759479409479409,10.0
1780,59.333333333333336,0.9049630780510797,0,-2.2025266384507844,0.2828174150583891,5.368483985150656,11.0
1781,59.36666666666667,0.9048475221254386,0,0.010327126058605529,0.9824337748264043,5.172986272986272,11.0
1782,59.4,0.9048018305996611,0,1.5851822382425667,1.7082547493696154,6.172986272986269,13.0
1783,59.43333333333333,0.9049832261671792,0,-0.6087380648421643,1.0035720347828487,6.368483985150647,13.0
1784,59.46666666666667,0.9051239033937996,0,3.0370109249800166,2.3821184091916905,6.977488560821892,14.0
1785,59.5,0.900059157184118,0,0.8566493380052336,1.7064879331658176,7.172986272986267,14.0
1786,59.53333333333333,0.9004420928046786,1,-1.2270056573892987,1.041250032806147,7.5639816973150245,15.0
1787,59.56666666666667,0.9006300912065724,0,0.9955757841477961,1.7137042369332676,7.368483985150647,15.0
1788,59.6,0.9043568246395622,0,-0.051840320222460434,1.6359281294867287,7.977488560821885,14.0
1789,59.63333333333333,0.9044878767676059,0,-3.5763978243768406,0.310891799167365,7.563981697315027,14.0
1790,59.666666666666664,0.9042415099635139,0,-2.405395388149877,0.9072755139952733,7.977488560821894,13.0
1791,59.7,0.9030704715874764,0,-3.479335168600308,0.8301769506655887,8.586493136493136,12.0
1792,59.733333333333334,0.9019437140217469,0,-5.755845655722553,0.15560781103403087,8.78199084865751,12.0
1793,59.766666666666666,0.9020113002380867,0,-4.55487090969806,0.7530789967515261,9.195497712164375,11.0
1794,59.8,0.9067869569896331,0,-5.02634903444762,0.6481791738805498,8.609004575671252,8.998915956675376
1795,59.833333333333336,0.9084150414825989,0,-3.8213598280375223,1.2673635432182664,9.022511439178114,10.016541055108519
1796,59.86666666666667,0.907712756403348,0,-0.8254913239339317,1.9373700550073636,7.631516014849359,9.009026361184283
1797,59.9,0.9124919023968905,0,-2.206636944485183,1.266050738069879,7.022511439178109,8.016541055108462
1798,59.93333333333333,0.9123223601367152,0,0.14108318962621524,1.9762112011854356,6.82701372701373,7.99674787002607
1799,59.96666666666667,0.9122497796802216,0,1.5072944895954876,2.609939495858413,7.436018302684976,8.995663826701502
1800,60.0,0.9121168454572949,0,-3.7412736586466693,0.5784324608208351,6.218009151342487,7.088385205924283
1801,60.03333333333333,0.9116177333594153,0,-3.5881923339342805,0.6179061878920038,6.413506863506856,7.028595983141372
1802,60.06666666666667,0.9113892543469758,0,-5.962328113334863,-0.08026657256112912,6.609004575671236,7.192274990254816
1803,60.1,0.9122651384773699,0,-6.060480023401681,-0.11829847507209479,6.413506863506875,7.288412485382196
1804,60.13333333333333,0.912669803782296,0,-3.7059354992242177,0.5685991126763952,6.21800915134249,7.088385205924226
1805,60.166666666666664,0.9117803743296516,0,-3.7059354992242177,0.5685991126763952,6.21800915134249,7.088385205924226
1806,60.2,0.9088882648225506,0,-5.062883382615809,-0.07756084503026273,5.6090045756712446,6.192274990254816
1807,60.233333333333334,0.9095538269740654,0,-5.062883382615809,-0.07756084503026273,5.6090045756712446,6.192274990254816
1808,60.266666666666666,0.9098062635027138,0,-5.062883382615809,-0.07756084503026273,5.6090045756712446,6.192274990254816
1809,60.3,0.9048566392684502,0,-6.250531439296893,-0.6738636598220751,5.1954977121643795,6.0
1810,60.333333333333336,0.9085436079991623,0,-3.9674793779384956,0.0,5.000000000000003,5.000000000000114
1811,60.36666666666667,0.9047502747588229,0,-3.9674793779384956,0.0,5.000000000000003,5.000000000000114
1812,60.4,0.9072858968896463,0,-3.6669871781864174,0.07764180066263293,5.390995424328752,7.0
1813,60.43333333333333,0.9065503374003135,0,-2.571933406286284,0.15528365674168754,4.781990848657512,8.0
1814,60.46666666666667,0.9065551144205701,0,-2.595010452717709,0.15814063428840086,4.781990848657507,8.0
1815,60.5,0.9082758969346657,0,-1.0652585122131626,0.8437334082618975,5.586493136493135,9.0
1816,60.53333333333333,0.9098462886806445,0,-1.0737327408713426,0.8437334082618975,5.586493136493135,9.0
1817,60.56666666666667,0.9094386680372761,0,-0.9221565340154712,0.8833710392182468,5.781990848657513,10.0
1818,60.6,0.9035233073897397,0,-3.247541804368417,0.19777826524475017,5.977488560821885,10.0
1819,60.63333333333333,0.9036880786165101,0,0.43100630948766394,1.5447951270533906,6.390995424328759,10.0
1820,60.666666666666664,0.9036178868594197,0,0.43356339586949133,1.5463959021105325,6.390995424328753,10.0
1821,60.7,0.905167697332427,0,0.5704216121585333,1.5867983425372358,6.586493136493121,11.0
1822,60.733333333333334,0.9052821805159493,0,1.9491420888702038,2.2632671123765533,7.195497712164377,11.0
1823,60.766666666666666,0.9051432550736171,0,1.888136944090661,2.2225668276842327,7.195497712164373,11.0
1824,60.8,0.8987831768068599,0,4.841905510225118,3.603844916970843,8.804502287835621,13.0
1825,60.833333333333336,0.8985916873611293,0,4.1782895980831825,3.6450622264434003,10.000000000000004,15.0
1826,60.86666666666667,0.8982508288556076,0,3.367669000326586,3.6488438217974135,11.000000000000004,16.0
1827,60.9,0.8970963149356024,0,1.0531795372693225,2.9313788545721877,11.195497712164391,16.0
1828,60.93333333333333,0.8976104128372001,0,3.6892336693099352,4.222266728467275,12.413506863506864,16.0
1829,60.96666666666667,0.8975781871190034,0,3.8342340394844214,4.259095180122557,12.60900457567124,17.0
1830,61.0,0.8943094754763932,0,-0.7189019882335899,2.890851847822688,13.000000000000005,17.0
1831,61.03333333333333,0.8952274483370871,0,-0.6976078752325776,2.9439185989566,12.999999999999996,17.0
1832,61.06666666666667,0.8950231747805792,0,-2.845096468749297,2.306818668787514,13.390995424328764,18.0
1833,61.1,0.888103234930175,0,-5.465601657261651,1.5366911652352826,13.195497712164373,16.0
1834,61.13333333333333,0.889864570386273,0,-5.594176091708654,1.47027487634125,12.999999999999995,15.0
1835,61.166666666666664,0.8899723921923183,1,-7.895355855070164,0.7810193004847292,13.195497712164377,15.0
1836,61.2,0.8876343398157626,1,-9.709509533821127,0.0,12.000000000000004,12.000000000000057
1837,61.233333333333334,0.8871921969939239,1,-11.935361094271634,-0.7010617187914931,12.195497712164373,13.0
1838,61.266666666666666,0.8868814453593413,1,-13.468492489675725,-1.4148694260842376,11.390995424328759,13.0
1839,61.3,0.8852618284270863,1,-13.88712851233712,-1.5351132941160017,10.804502287835621,13.0
1840,61.333333333333336,0.8868889177432968,1,-17.5578369565715,-2.946519450524704,10.195497712164386,14.0
1841,61.36666666666667,0.8850178166504697,1,-18.048364525629687,-3.0819160224314714,9.804502287835623,14.0
1842,61.4,0.9048760330578512,1,-12.637545417055769,-1.6416680579702643,8.41350686350687,11.0
1843,61.43333333333333,0.904774500727417,1,-10.657975549394045,-1.5452650781078887,7.0,9.0
1844,61.46666666666667,0.9049500694398519,1,-7.494588967371861,-0.8070937247978236,5.8045022878356205,7.0
1845,61.5,0.8968278663020159,1,-9.811717572800475,-1.5452650781078887,6.000000000000002,8.0
1846,61.53333333333333,0.8967222240413897,1,-13.392648712544897,-2.967197642130145,5.586493136493135,9.0
1847,61.56666666666667,0.8966454380249177,1,-11.997359321033066,-2.256154176094128,6.195497712164382,9.0
1848,61.6,0.8905042936242167,0,-12.035460375064101,-2.835782918349196,4.977488560821898,8.0
1849,61.63333333333333,0.8901486896414541,0,-8.755496820993635,-2.0601218631536256,3.977488560821901,6.0
1850,61.666666666666664,0.8915993672466905,0,-9.879354010888608,-2.716869999721837,3.563981697315023,6.0
1851,61.7,0.8850400198036141,0,-10.7384322678428,-3.2896189740433215,3.345972545972546,8.0
1852,61.733333333333334,0.8852413019079686,0,-8.438989938188193,-2.5577443956057664,3.345972545972548,9.0
1853,61.766666666666666,0.8847702002705466,0,-9.585297409901731,-3.211327548837346,2.7503176142294565,9.0
1854,61.8,0.8816259359828849,0,-6.243211974324236,-1.852336194854587,3.1504748338081656,9.0
1855,61.833333333333336,0.881291235459616,0,-6.297904726164649,-1.861317587456881,2.9549771216437932,8.0
1856,61.86666666666667,0.8813927466596458,0,-2.912418359002185,-0.4710193186799927,3.3684839851506565,8.0
1857,61.9,0.8911528060067525,0,-1.5520233532115135,0.2430375910107898,4.172986272986276,9.0
1858,61.93333333333333,0.8911089078962846,0,-1.4165602260803993,0.2885214646938721,4.368483985150656,10.0
1859,61.96666666666667,0.8913368624485337,0,-0.20148405003585168,0.9792753905466327,4.9774885608218895,10.0
1860,62.0,0.874217782547676,0,-2.257723659444924,0.29398623343735153,5.368483985150645,11.0
1861,62.03333333333333,0.8744901160966426,0,1.2680514604589987,1.7687917043920152,5.977488560821898,12.0
1862,62.06666666666667,0.874438499141234,0,1.2513334975023476,1.7687917043920152,5.977488560821898,12.0
1863,62.1,0.870913274512076,1,-0.7826979640465233,1.083595621206996,6.368483985150644,13.0
1864,62.13333333333333,0.8707541548036813,1,-0.9402761536617525,1.0416821855621379,6.172986272986266,12.0
1865,62.166666666666664,0.8705913506893299,1,-1.9224630560024814,0.9997264792951341,6.977488560821891,12.0
1866,62.2,0.8812117900201509,0,-3.2751329763948753,0.25760651209697016,6.172986272986279,11.0
1867,62.233333333333334,0.8808414007410064,0,-3.60586246943636,0.1749117273561751,5.7819908486575144,9.0
1868,62.266666666666666,0.8805768902543096,0,-3.6079027669042105,0.17508348524603434,5.781990848657519,9.0
1869,62.3,0.87795970852979,1,-5.02492590538397,-0.6090007284338412,4.977488560821894,8.0
1870,62.333333333333336,0.8794584112473163,0,-5.021153336953226,-0.609585713955056,4.977488560821897,8.0
1871,62.36666666666667,0.8796142392132419,1,-5.224437571654221,-0.6659634637406953,4.781990848657519,7.0
1872,62.4,0.8760137054701355,0,-2.1291375579760583,0.8591937793664215,4.804502287835622,5.09613749512738
1873,62.43333333333333,0.8763041008160314,0,0.19459673568790237,1.788007126550724,4.6090045756712446,5.192274990254759
1874,62.46666666666667,0.8758911658343379,0,4.819327475975612,3.628824599116655,4.022511439178105,5.1617273485960595
1875,62.5,0.875286731860437,0,-0.16468777908552568,1.7611582492079947,4.218009151342477,4.997831913350808
1876,62.53333333333333,0.8755478861087144,0,-0.18001241609965035,1.7839237101072456,4.218009151342487,4.997831913350808
1877,62.56666666666667,0.8756535693948335,0,1.1158085259003698,2.693446913133812,4.827013727013724,5.996747870026127
1878,62.6,0.8610114808395256,0,-2.4835880722174153,0.9194911104839889,4.6090045756712374,4.998915956675376
1879,62.63333333333333,0.8586551824717328,0,-6.078268865961597,-0.9297708711830523,4.390995424328753,5.0
1880,62.666666666666664,0.8599028843019165,0,-8.521124060734351,-1.9259647206708053,4.586493136493135,6.0
1881,62.7,0.8652994115610938,0,-8.503503620048733,-1.9271255323547507,4.586493136493132,6.0
1882,62.733333333333334,0.8651883626803196,0,-9.804460005517434,-2.877949787158599,3.977488560821908,6.0
1883,62.766666666666666,0.865279507402795,0,-10.926876023122801,-2.9356560649806056,4.781990848657519,7.0
1884,62.8,0.8804278000590309,0,-9.645846408393574,-2.851742072552952,4.1729862729862734,6.0
1885,62.833333333333336,0.8797451875509885,0,-7.202344529753113,-1.8358800646295492,3.9774885608218966,6.0
1886,62.86666666666667,0.8799743037710952,1,-9.621359923571227,-2.853308272741174,4.172986272986276,6.0
1887,62.9,0.8850729517396184,1,-7.201981949454197,-1.8536205668074501,3.9774885608218953,6.0
1888,62.93333333333333,0.8846406244603323,1,-7.195279716306459,-1.8546051313617795,3.977488560821898,6.0
1889,62.96666666666667,0.8844931790709722,1,-7.18860472101327,-1.8555867000062847,3.977488560821891,6.0
1890,63.0,0.8861302258031052,0,-8.4360495151559,-2.8256148322621755,3.3684839851506623,6.0
1891,63.03333333333333,0.8876667244067209,0,-4.789394963654001,-0.845330149722713,3.781990848657524,6.0
1892,63.06666666666667,0.8878015830403381,0,-4.785455865837601,-0.845330149722713,3.781990848657524,6.0
1893,63.1,0.8768857711959817,0,-7.167304017144275,-1.8741458359587568,3.9774885608218953,6.0
1894,63.13333333333333,0.877707690708072,0,-4.792839483352047,-0.8530679027292081,3.7819908486575216,6.0
1895,63.166666666666664,0.8781062627803001,0,-7.176127180559977,-1.890619618316009,3.9774885608218966,6.0
1896,63.2,0.8900251757965101,2,-25.21057621508095,-6.864260206190352,9.804502287835614,16.0
1897,63.233333333333334,0.889739982283362,3,-38.53449106569871,-10.775702328868931,13.58998832001588,24.0
1898,63.266666666666666,0.889899972214504,2,-44.28759704430104,-12.128291072465828,16.0701506839248,28.0
1899,63.3,0.8899018841712252,3,-50.209049979766746,-13.509199215345404,18.602503443228876,32.0
1900,63.333333333333336,0.8899018841712252,3,-53.379677547713435,-14.610150934138034,19.599483283780813,34.0
1901,63.36666666666667,0.8899018841712252,3,-54.70476318596876,-14.723631572509476,20.39472501616671,35.0
1902,63.4,0.8885138661748843,3,-36.37690694059865,-9.812109570527554,13.3163221891872,23.0
1903,63.43333333333333,0.8882257755815774,2,-23.63244030133307,-6.199830565487247,8.805741481590877,15.0
1904,63.46666666666667,0.8885215666486872,1,-15.426808704010295,-3.8030748091044018,6.065844572731623,10.0
1905,63.5,0.8831759597491212,0,-9.628394077898207,-2.537453010467999,3.550304033958767,6.0
1906,63.53333333333333,0.8826042761401031,1,-9.604382356379709,-3.4980084671557847,2.3175375936854308,5.0
1907,63.56666666666667,0.8827208352716184,1,-4.816813097890432,-1.2693489083338534,1.7751520169793822,3.0
1908,63.6,0.8765105285775677,1,-5.397641832802554,-4.857835374477673,3.240520590520582,5.0079423178596585
1909,63.63333333333333,0.8762161790490597,0,-6.124442406437691,-7.785033766475323,7.2855434688768055,11.00252210123648
1910,63.666666666666664,0.8761452907706324,0,-4.808827579878198,-7.853379193211737,8.503552620219288,13.025995040228338
1911,63.7,0.8895360931974204,0,-0.90866362457189,-5.728065202144904,8.589195729278375,13.228767865131488
1912,63.733333333333334,0.8893917325565266,0,2.666616686662074,-3.9338734717012187,8.954968298035336,13.463343139192546
1913,63.766666666666666,0.8896828012001179,-1,3.7132523375534348,-3.7149561331985694,9.725634437663828,14.597279331898221
1914,63.8,0.8803209808513569,0,7.531166837447117,-0.9232642757158374,8.196098347797161,11.826551403227256
1915,63.833333333333336,0.8801852840390543,-1,7.979654986358,-0.3330304071988053,7.849525166191836,10.685185185185219
1916,63.86666666666667,0.8800860955660783,-1,8.048403535009918,-0.28433611550241267,7.718152564709039,10.777777777777828
1917,63.9,0.8816184249319298,0,0.07676631858078231,-3.7760378109592807,7.38430215840684,11.329406946486841
1918,63.93333333333333,0.881212499566469,0,-3.2669497087027923,-5.041866966616993,7.084668528424267,11.333301939362542
1919,63.96666666666667,0.8810758319316073,0,-5.832001564476959,-6.306169552159389,7.488818716229187,12.285959831414374
1920,64.0,0.8820545558066909,0,-4.413600264891754,-4.6746197264980935,5.6290206341629645,9.109009855566342
1921,64.03333333333333,0.8817469630038652,0,-1.2892497786604435,-2.770613522818394,5.045022878356211,7.033082110217094
1922,64.06666666666666,0.8815571507454445,0,1.4094806209655193,-1.4059167842301292,5.022511439178099,6.016541055108547
1923,64.1,0.8747489090531274,0,2.140993088321105,-0.7734320458828279,4.8045022878356285,5.09613749512738
1924,64.13333333333334,0.8742103532425276,-1,5.046017146912607,0.6408038022287883,4.781990848657512,7.0
1925,64.16666666666667,0.8741498364570894,-1,5.056540752929415,0.6401784277017271,4.78199084865751,7.0
1926,64.2,0.8791848617176128,0,6.1334900186961505,1.3344638996885578,4.368483985150648,8.0
1927,64.23333333333333,0.8791460160121998,0,6.090385419639951,1.31049903030177,4.368483985150649,8.0
1928,64.26666666666667,0.8793172168789533,0,5.965521267207716,1.2662965765738932,4.563981697315022,9.0
1929,64.3,0.887793451850298,-1,6.031419154481,1.2662965765738932,4.563981697315022,9.0
1930,64.33333333333333,0.8876477169428711,-1,6.1410343602975495,1.286666904099718,4.3684839851506485,8.0
1931,64.36666666666666,0.887492352067127,0,6.0154995260619515,1.2432606230291299,4.563981697315025,9.0
1932,64.4,0.8905887725707862,0,4.982867826907253,0.5839255277133191,4.977488560821891,8.0
1933,64.43333333333334,0.8902299759307085,0,6.217919193874401,1.2853855995042238,4.368483985150652,8.0
1934,64.46666666666667,0.8900853739943084,0,3.854675376549011,0.49715579515267905,4.368483985150655,9.0
1935,64.5,0.8883078139601754,0,4.981627463735521,0.5732363464132959,4.977488560821895,8.0
1936,64.53333333333333,0.8883816234093034,0,3.6357309775101925,-0.12377776261544682,5.586493136493134,8.0
1937,64.56666666666666,0.8882218667433542,-1,6.035221705672477,0.635637144330417,5.586493136493138,7.0
1938,64.6,0.8782439673589465,0,5.749958952856488,0.5631986637318391,5.9774885608218895,9.0
1939,64.63333333333334,0.8776839819258118,0,4.497964330634616,-0.12586713771344193,6.586493136493132,9.0
1940,64.66666666666667,0.8772286244702091,0,7.948874288203392,1.3043424519734401,6.172986272986268,9.0
1941,64.7,0.8885214007782101,0,5.614186575694653,0.5300896610169161,6.172986272986274,10.0
1942,64.73333333333333,0.8890206139962842,0,4.498233153112643,-0.1257403259902503,6.586493136493135,9.0
1943,64.76666666666667,0.8887788136642666,0,5.706127611414772,0.5620589810748982,5.977488560821889,9.0
1944,64.8,0.892471025391489,0,6.831185138013893,1.2166990505248805,5.563981697315027,10.0
1945,64.83333333333333,0.892010970538795,0,4.741681045971209,0.5197450066873444,5.1729862729862734,9.0
1946,64.86666666666666,0.8919990091652217,0,5.874439421651736,1.174254372283599,4.759479409479407,10.0
1947,64.9,0.8926969891095452,0,4.763561594591678,0.5192180285541212,5.172986272986275,9.0
1948,64.93333333333334,0.8925915382699356,0,6.018904017449806,1.1928272357828291,4.563981697315035,9.0
1949,64.96666666666667,0.8924314130164039,0,4.733207884090362,0.510020449099386,5.172986272986277,9.0
1950,65.0,0.8854876291777094,0,3.5660782234623767,-0.11891291862667686,5.586493136493132,8.0
1951,65.03333333333333,0.8867766979942082,-1,3.564475394571055,-0.11891291862667686,5.586493136493132,8.0
1952,65.06666666666666,0.8868812848665742,-1,2.4270250022825124,-0.7280873824755076,6.0,7.0
1953,65.1,0.9045388436620516,0,2.513928402699058,-0.6759815957017565,5.8045022878356205,6.096137495127408
1954,65.13333333333334,0.9040407854984894,0,2.4683361960210704,-0.6636659756964605,5.80450228783562,6.096137495127408
1955,65.16666666666667,0.9035394053798962,0,2.446248532239281,-0.6636659756964605,5.80450228783562,6.096137495127408
1956,65.2,0.904715484450561,0,3.7493100127581513,-0.03747765179002727,5.195497712164382,6.0
1957,65.23333333333333,0.9042248136111642,0,1.4747554705525374,-0.6883000711927139,5.000000000000002,6.0
1958,65.26666666666667,0.9046954193363297,0,3.7485160875661094,-0.03747765179002727,5.195497712164382,6.0
1959,65.3,0.9035043562439496,0,0.10301019125635236,-1.2910328501621677,5.609004575671243,6.192274990254788
1960,65.33333333333333,0.9037754114230397,0,2.365002585945547,-0.6508224194026866,5.8045022878356205,6.096137495127408
1961,65.36666666666666,0.9036242546271199,0,2.350058949446094,-0.6388437672318901,5.8045022878356205,6.096137495127408
1962,65.4,0.9046561013016634,0,2.1879281881782333,-0.6756332329553913,5.999999999999998,7.0
1963,65.43333333333334,0.904954857491296,0,4.48389107730371,-0.03678946572350128,6.1954977121643795,7.0
1964,65.46666666666667,0.9050167224080268,0,3.1076316686059826,-0.6508224194026866,6.8045022878356205,7.096137495127408
1965,65.5,0.9061925199264255,0,3.2502155479690202,-0.6140329536791569,6.609004575671243,6.998915956675376
1966,65.53333333333333,0.9061498912398656,0,2.170757332211636,-0.6883000711927139,6.0000000000000036,7.0
1967,65.56666666666666,0.9060831388680141,0,3.092884386464931,-0.6515106054691842,6.804502287835625,7.09613749512738
1968,65.6,0.9104653214894994,0,3.267281424800686,-0.6254907871045816,6.6090045756712374,6.998915956675404
1969,65.63333333333334,0.9106995723309923,0,3.267281424800686,-0.6254907871045816,6.6090045756712374,6.998915956675404
1970,65.66666666666667,0.9106690990407815,0,3.267281424800686,-0.6254907871045816,6.6090045756712374,6.998915956675404
1971,65.7,0.9115932070285658,0,2.336149371971338,-0.6629684388946089,5.80450228783562,6.09613749512738
1972,65.73333333333333,0.9112127517569,0,2.336149371971338,-0.6629684388946089,5.80450228783562,6.09613749512738
1973,65.76666666666667,0.9116526588641898,0,2.487737030664128,-0.6254907871045816,5.6090045756712374,5.998915956675404
1974,65.8,0.9103512917146707,0,2.487737030664128,-0.6254907871045816,5.6090045756712374,5.998915956675404
1975,65.83333333333333,0.9104221172244132,0,1.0597306426203303,-1.2619247596874743,6.218009151342483,6.997831913350751
1976,65.86666666666666,0.9104632088736135,0,0.9062410921140795,-1.3007659058652052,6.413506863506865,7.028595983141429
1977,65.9,0.9068672283951819,0,2.3517104327699485,-0.675275118760652,5.804502287835627,6.096137495127408
1978,65.93333333333334,0.9070337581476797,0,2.3513843684378415,-0.6759815957017565,5.80450228783562,6.096137495127408
1979,65.96666666666667,0.9071518925756544,0,2.3513843684378415,-0.6759815957017565,5.80450228783562,6.096137495127408
1980,66.0,0.9062308634415187,0,2.3505353225181764,-0.6636659756964605,5.80450228783562,6.096137495127408
1981,66.03333333333333,0.9062392344497607,0,2.5189769754227456,-0.6377663564798866,5.60900457567124,5.998915956675376
1982,66.06666666666666,0.9064228965253183,0,3.7833131150432138,-0.03821523922186998,5.1954977121643795,6.0
1983,66.1,0.9010607340655215,0,2.380615467307919,-0.6766885689387436,5.80450228783562,6.096137495127408
1984,66.13333333333334,0.9010027415780975,0,2.388004656310237,-0.6766885689387436,5.80450228783562,6.096137495127408
1985,66.16666666666667,0.9007847112713073,0,4.572519702445014,-0.0382553188564998,6.195497712164377,7.0
1986,66.2,0.901296883059465,0,2.250884299465646,-0.7156513558028337,6.0,7.0
1987,66.23333333333333,0.9011936339522546,0,2.25854004598591,-0.7156513558028337,6.0,7.0
1988,66.26666666666667,0.9013705695969346,0,3.669453397906551,-0.07796617551935014,5.3909954243287554,7.0
1989,66.3,0.9003251260320012,0,2.2807942325121218,-0.728843841599371,5.999999999999998,7.0
1990,66.33333333333333,0.9008641952752453,0,2.273443030697024,-0.716399425601594,5.999999999999997,7.0
1991,66.36666666666666,0.9005388619965293,0,2.135643349235565,-0.7685635794630628,6.195497712164382,8.0
1992,66.4,0.9014761289383156,0,2.2957519411761425,-0.7296007925989727,6.0,7.0
1993,66.43333333333334,0.9010337045934338,0,0.9190423916729813,-1.3687014021299433,6.6090045756712446,7.192274990254788
1994,66.46666666666667,0.9012923188933382,0,2.303035182271124,-0.7303582336384125,6.000000000000001,7.0
1995,66.5,0.9017941971789812,0,2.303035182271124,-0.7303582336384125,6.000000000000001,7.0
1996,66.53333333333333,0.9018088799561483,0,2.150560382284901,-0.7701601806093379,6.195497712164378,8.0
1997,66.56666666666666,0.9020302991538898,0,0.7610598267382542,-1.4343158884469744,6.804502287835622,8.0
1998,66.6,0.8991956908081566,0,3.1058075176768227,-0.7303582336384125,7.0,8.0
1999,66.63333333333334,0.8992633045008064,0,2.953599924467234,-0.7701601806093379,7.195497712164378,9.0
2000,66.66666666666667,0.898851290694905,0,1.5712557188115284,-1.4343158884469744,7.804502287835622,9.0
2001,66.7,0.8944372715535269,0,5.31205813091664,-0.07948056755839161,7.390995424328759,9.0
2002,66.73333333333333,0.8947818492776828,0,5.313746273576243,-0.07956277666562528,7.39099542432875,9.0
2003,66.76666666666667,0.8946334364198654,0,1.5863566246894436,-1.4343158884469744,7.804502287835622,9.0
2004,66.8,0.9010159178573369,0,5.465953850110637,-0.03976082969472827,7.195497712164373,8.0
2005,66.83333333333333,0.9006139191220414,0,2.9906498364263,-0.7834382223669536,7.1954977121643795,9.0
2006,66.86666666666666,0.9011359313006142,0,3.143744019276255,-0.7437184845032618,6.999999999999996,8.0
2007,66.9,0.9005250717237149,0,5.466221040212069,-0.03976082969472827,7.195497712164373,8.0
2008,66.93333333333334,0.9004799191715079,0,6.874123767310088,0.6230282547239199,6.586493136493132,8.0
2009,66.96666666666667,0.900752476676832,0,3.15154463198639,-0.7429527612509617,7.000000000000003,8.0
2010,67.0,0.8875531914893617,0,3.17450700635235,-0.7437184845032618,6.999999999999996,8.0
2011,67.03333333333333,0.8874275484339826,0,5.365053033893119,-0.08092940008464211,7.390995424328753,9.0
2012,67.06666666666666,0.8876045950928946,0,5.518434368843181,-0.04048546111599194,7.195497712164377,8.0
2013,67.1,0.8896565232100568,0,5.366658231615908,-0.08092940008464211,7.390995424328753,9.0
2014,67.13333333333334,0.8892607890613873,0,6.72026413763821,0.5932065260390971,6.781990848657512,9.0
2015,67.16666666666667,0.8888117613555461,0,4.444264730109637,-0.1234005161761047,6.586493136493135,9.0
2016,67.2,0.8885031140382275,-1,3.107838730523838,-0.7968472578659771,7.195497712164375,9.0
2017,67.23333333333333,0.8884912042090947,-1,6.707010715993739,0.5932065260390971,6.781990848657512,9.0
2018,67.26666666666667,0.8884991857989013,-1,3.1158032956828947,-0.7968472578659771,7.195497712164375,9.0
2019,67.3,0.883038218950453,-1,5.367106864103249,-0.08084637939393247,7.390995424328755,9.0
2020,67.33333333333333,0.8839170836311652,-1,3.251519608656352,-0.7429527612509617,7.000000000000003,8.0
2021,67.36666666666666,0.8837570798120388,-1,1.817573911279645,-1.4589536397230063,7.804502287835623,9.0
2022,67.4,0.861249446167479,-1,4.061447963660079,-0.7429527612509617,8.000000000000004,9.0
2023,67.43333333333334,0.8599163891447601,-1,7.1381140990192975,-0.04044393896865017,9.195497712164377,10.0
2024,67.46666666666667,0.8598700171775665,-1,7.1381140990192975,-0.04044393896865017,9.195497712164377,10.0
2025,67.5,0.8716199365848445,-1,4.879066701484568,-0.7429527612509617,9.000000000000004,10.0
2026,67.53333333333333,0.8721562060180649,-1,4.879497004958182,-0.7437184845032618,8.999999999999996,10.0
2027,67.56666666666666,0.8719159169858377,-1,2.81399099295389,-1.4192339018593145,8.60900457567124,9.192274990254788
2028,67.6,0.876077567053554,-1,12.042726496794963,2.5983287635129386,7.345972545972548,13.0
2029,67.63333333333334,0.8760975436351356,-1,8.663786060689596,1.2370049692057137,7.368483985150649,11.0
2030,67.66666666666667,0.8761330916071238,-1,7.332474799126629,0.5521149011799764,7.977488560821892,11.0
2031,67.7,0.8821805599689299,0,5.118585987660161,-0.16461782564974214,7.7819908486575144,11.0
2032,67.73333333333333,0.882201310051378,0,8.762003942535728,1.2787917079045883,7.172986272986267,10.0
2033,67.76666666666667,0.8820902109630153,0,5.120727058865398,-0.16461782564974214,7.7819908486575144,11.0
2034,67.8,0.8771138075754649,0,6.397689300238767,0.5202722423759951,7.172986272986272,11.0
2035,67.83333333333333,0.877408363629977,0,8.706851336662961,1.2787917079045883,7.172986272986267,10.0
2036,67.86666666666666,0.8772718492633501,0,6.53647019487984,0.5620589810748982,6.977488560821888,10.0
2037,67.9,0.8813609882782341,0,6.530111654956244,0.5620589810748982,6.977488560821888,10.0
2038,67.93333333333334,0.8811266122663859,0,6.5237531150326475,0.5620589810748982,6.977488560821888,10.0
2039,67.96666666666667,0.8810522436516154,0,8.670468291888419,1.2800936528732905,7.17298627298627,10.0
2040,68.0,0.8861507270693513,0,6.51414507400624,0.5626286856484057,6.977488560821891,10.0
2041,68.03333333333333,0.8860938729132068,-1,8.715781290576366,1.3017159156040066,7.172986272986274,10.0
2042,68.06666666666666,0.8859719649036949,-1,6.501428272536639,0.5626286856484057,6.977488560821891,10.0
2043,68.1,0.8829341993296632,-1,7.729128004953562,1.2617276832680204,6.368483985150645,10.0
2044,68.13333333333334,0.8825572108205716,-1,6.488711471067035,0.5626286856484057,6.977488560821891,10.0
2045,68.16666666666667,0.882457115077436,-1,6.553500386272997,0.5726618818227394,6.977488560821888,10.0
2046,68.2,0.8762479524096904,-1,7.702104610568188,1.2617276832680204,6.368483985150645,10.0
2047,68.23333333333333,0.8758145147388381,-1,6.547149321151956,0.5726618818227394,6.977488560821888,10.0
2048,68.26666666666667,0.8760645450470641,-1,6.547149321151956,0.5726618818227394,6.977488560821888,10.0
2049,68.3,0.8799292170503634,-1,6.547149321151956,0.5726618818227394,6.977488560821888,10.0
2050,68.33333333333333,0.8802103217297748,-1,8.815941747252428,1.3456436579709532,6.977488560821891,9.0
2051,68.36666666666666,0.8798278793767568,-1,8.815941747252428,1.3456436579709532,6.977488560821891,9.0
2052,68.4,0.8777964878518162,-1,7.688592913375501,1.2617276832680204,6.368483985150645,10.0
2053,68.43333333333334,0.8777642227529683,-1,6.690849696869925,0.6152766505281306,6.781990848657512,9.0
2054,68.46666666666667,0.8778438380644717,-1,7.770644308887203,1.2841047790678886,6.368483985150658,10.0
2055,68.5,0.8827510767758255,-1,5.556088174565751,0.5306215777078762,6.172986272986272,10.0
2056,68.53333333333333,0.8828557751487383,-1,7.743667455426365,1.2841047790678886,6.368483985150658,10.0
2057,68.56666666666666,0.8827632186265962,-1,5.5500045459912215,0.5306215777078762,6.172986272986272,10.0
2058,68.6,0.8853196878422782,0,5.543920917416692,0.5306215777078762,6.172986272986272,10.0
2059,68.63333333333334,0.8855758862091985,0,7.63454612460475,1.2617276832680204,6.368483985150645,10.0
2060,68.66666666666667,0.8857851946940523,0,7.56622447542351,1.2407841434027205,6.563981697315036,11.0
2061,68.7,0.8826241557071643,0,7.6210344274120665,1.2617276832680204,6.368483985150645,10.0
2062,68.73333333333333,0.8828422700054437,0,7.55300238674484,1.2407841434027205,6.563981697315036,11.0
2063,68.76666666666667,0.8827091199782291,0,5.38339377104171,0.488049356902053,6.368483985150657,11.0
2064,68.8,0.8858699330039926,0,5.51958640311857,0.5306215777078762,6.172986272986272,10.0
2065,68.83333333333333,0.8858095189753481,0,6.674525199385517,1.2407841434027205,5.563981697315036,10.0
2066,68.86666666666666,0.8858206429780033,0,5.507419145969511,0.5306215777078762,6.172986272986272,10.0
2067,68.9,0.8844666973211397,-1,5.501335517394981,0.5306215777078762,6.172986272986272,10.0
2068,68.93333333333334,0.884881305132659,-1,5.501335517394981,0.5306215777078762,6.172986272986272,10.0
2069,68.96666666666667,0.8849834814890501,-1,3.4007580342064685,-0.20977862590927998,5.977488560821895,10.0
2070,69.0,0.8830503314842376,-1,4.370359056510971,-0.1677383217943884,6.781990848657512,10.0
2071,69.03333333333333,0.8837071519255184,-1,5.49525188882045,0.5306215777078762,6.172986272986272,10.0
2072,69.06666666666666,0.8838256453660601,-1,5.433295989630704,0.5213274796508927,6.172986272986269,10.0
2073,69.1,0.8834496864382427,-1,3.089012048200164,-0.2885214646931331,6.368483985150647,12.0
2074,69.13333333333334,0.8829902308758408,-1,4.996060694991517,0.39636860333257573,6.759479409479406,13.0
2075,69.16666666666667,0.8826442648997668,-1,2.806150404979528,-0.3709564246362902,6.759479409479406,14.0
2076,69.2,0.8835114043607865,0,2.6451294212464322,-0.4046479421906213,6.954977121643784,15.0
2077,69.23333333333333,0.8831951770911831,0,4.367639094626357,0.2258091653638985,7.541470258136923,17.0
2078,69.26666666666667,0.8834109254111264,0,2.367182422852366,-0.4850799326230515,7.345972545972546,17.0
2079,69.3,0.8850015058729044,0,4.180406397779828,0.18181384328261174,7.736967970301305,18.0
2080,69.33333333333333,0.8852223096102679,0,4.180406397779828,0.18181384328261174,7.736967970301305,18.0
2081,69.36666666666666,0.8852242302543507,0,4.180406397779828,0.18181384328261174,7.736967970301305,18.0
2082,69.4,0.8833224461082357,0,4.180406397779828,0.18181384328261174,7.736967970301305,18.0
2083,69.43333333333334,0.8828308207705192,0,3.153695289992486,-0.4768851900983009,8.345972545972547,18.0
2084,69.46666666666667,0.882643576130102,0,3.153695289992486,-0.4768851900983009,8.345972545972547,18.0
2085,69.5,0.8862340116769599,0,6.251113367212486,0.916914304227447,7.736967970301305,17.0
2086,69.53333333333333,0.8865753239740821,0,5.213250604970887,0.2572675342548223,8.345972545972545,17.0
2087,69.56666666666666,0.8865170435369558,0,7.195972012045007,0.9561618734569208,8.541470258136926,17.0
2088,69.6,0.8878965722548269,0,6.399543739633386,0.9561618734569208,7.5414702581369255,16.0
2089,69.63333333333334,0.8878927581103381,0,5.4937209055768,0.33598900340518867,7.954977121643782,15.0
2090,69.66666666666667,0.8877075394665215,0,6.600443132815999,1.0169297477385726,7.150474833808161,14.0
2091,69.7,0.8811869395811002,0,8.45130128167203,1.676309422897134,7.5414702581369255,15.0
2092,69.73333333333333,0.8813328568268068,0,7.662533687510282,1.676309422897134,6.5414702581369255,14.0
2093,69.76666666666667,0.8811107897020538,0,6.612844994224472,1.0169297477385726,7.150474833808161,14.0
2094,69.8,0.8788954970263382,0,7.656751801008205,1.6745702663004067,6.5414702581369255,14.0
2095,69.83333333333333,0.8790258162103367,-1,9.679494233799893,2.3854593642873283,6.736967970301302,14.0
2096,69.86666666666666,0.8790680284825723,-1,7.771085209842024,1.705228538529525,6.541470258136921,14.0
2097,69.9,0.8812827889659841,-1,9.687148669848035,2.387927564831301,6.736967970301305,14.0
2098,69.93333333333334,0.8814876256898128,0,7.662533687510282,1.676309422897134,6.5414702581369255,14.0
2099,69.96666666666667,0.8812865002115954,0,7.662533687510282,1.676309422897134,6.5414702581369255,14.0
2100,70.0,0.8716283631813032,-1,5.893414647039009,1.035605363174966,6.150474833808162,13.0
2101,70.03333333333333,0.8719132670320006,-1,5.897418232488837,1.036676645647617,6.15047483380817,13.0
2102,70.06666666666666,0.8717103037683512,-1,5.897418232488837,1.036676645647617,6.15047483380817,13.0
2103,70.1,0.8725465248443517,-1,5.897418232488837,1.036676645647617,6.15047483380817,13.0
2104,70.13333333333334,0.8722472939499847,-1,5.897418232488837,1.036676645647617,6.15047483380817,13.0
2105,70.16666666666667,0.8724527021294647,-1,5.897418232488837,1.036676645647617,6.15047483380817,13.0
2106,70.2,0.8745971532160601,-1,5.897418232488837,1.036676645647617,6.15047483380817,13.0
2107,70.23333333333333,0.8744755831515355,-1,6.105588439230525,1.0954934887811874,5.9549771216437835,12.0
2108,70.26666666666667,0.8744818326760091,-1,6.105588439230525,1.0954934887811874,5.9549771216437835,12.0
2109,70.3,0.8779794445659305,-1,6.105588439230525,1.0954934887811874,5.9549771216437835,12.0
2110,70.33333333333333,0.8775565123789021,-1,6.105588439230525,1.0954934887811874,5.9549771216437835,12.0
2111,70.36666666666666,0.8774511452692476,-1,6.105588439230525,1.0954934887811874,5.9549771216437835,12.0
2112,70.4,0.8862795021692156,-1,7.0896315613959935,1.7497540943387833,5.345972545972542,12.0
2113,70.43333333333334,0.8862890258609138,0,5.079865392004525,1.0377485910341022,5.150474833808165,12.0
2114,70.46666666666667,0.8862258399490839,0,6.136275441234972,1.710506525109281,4.54147025813692,12.0
2115,70.5,0.8839914603190613,0,5.138004372317585,1.0555680383772028,5.150474833808164,12.0
2116,70.53333333333333,0.8846626179701563,0,4.081594323087138,0.3828101043019956,5.759479409479408,12.0
2117,70.56666666666666,0.8847538611662573,0,4.081594323087138,0.3828101043019956,5.759479409479408,12.0
2118,70.6,0.8866464289288455,0,5.8765603939566855,1.0377485910341022,6.150474833808165,13.0
2119,70.63333333333334,0.886539135075635,0,5.8765603939566855,1.0377485910341022,6.150474833808165,13.0
2120,70.66666666666667,0.8863784162345133,0,5.8765603939566855,1.0377485910341022,6.150474833808165,13.0
2121,70.7,0.8785421744681556,-1,7.7492577762457415,1.710506525109281,6.54147025813692,14.0
2122,70.73333333333333,0.8786899375134669,0,6.544614427459077,0.9974290764181433,7.345972545972549,15.0
2123,70.76666666666667,0.8786065859034488,0,6.4036329250393695,0.9571509888386629,7.54147025813692,16.0
2124,70.8,0.8878382406518067,0,7.6066717421495245,1.6694985817058239,6.736967970301302,15.0
2125,70.83333333333333,0.8877740247698523,-1,7.7492577762457415,1.710506525109281,6.54147025813692,14.0
2126,70.86666666666666,0.8860081351896557,0,5.8765603939566855,1.0377485910341022,6.150474833808165,13.0
2127,70.9,0.8851287096245286,0,3.8021164622255377,0.3025239212945223,6.15047483380817,14.0
2128,70.93333333333334,0.8845624159753418,0,3.9407900642983975,0.34249058968606505,5.9549771216437914,13.0
2129,70.96666666666667,0.8844010228837453,0,3.9407900642983975,0.34249058968606505,5.9549771216437914,13.0
2130,71.0,0.8888888888888888,0,4.079373469632122,0.3824160400900496,5.759479409479412,12.0
2131,71.03333333333333,0.8885628094566679,0,3.938659459877833,0.3421379525105692,5.954977121643784,13.0
2132,71.06666666666666,0.8887741216205138,0,6.947045527299776,1.7087461509352977,5.541470258136923,13.0
2133,71.1,0.8874561331918713,0,6.947045527299776,1.7087461509352977,5.541470258136923,13.0
2134,71.13333333333334,0.8874995919166857,0,5.880985414001396,1.035605363174966,6.150474833808161,13.0
2135,71.16666666666667,0.8875140791041609,0,3.9436762549655455,0.3421379525105692,5.9549771216437835,13.0
2136,71.2,0.887662599983841,0,4.935415910563908,0.9963985580681651,5.345972545972542,13.0
2137,71.23333333333333,0.8875603884248113,0,4.935415910563908,0.9963985580681651,5.345972545972542,13.0
2138,71.26666666666667,0.887605228715927,0,5.988797573486108,1.6677800153911164,4.736967970301305,13.0
2139,71.3,0.880074122174884,0,4.9317708542223535,0.9953686785637217,5.345972545972545,13.0
2140,71.33333333333333,0.8803757266636042,0,3.896389883418477,0.33598900340518867,5.954977121643782,13.0
2141,71.36666666666666,0.8801906813214659,0,3.8942613934206634,0.33564040716169075,5.954977121643785,13.0
2142,71.4,0.8784189221366775,-1,5.922690849611584,1.0334647979484544,6.150474833808169,13.0
2143,71.43333333333334,0.8783399749154588,-1,4.999337273953801,0.41342072925425555,6.563981697315029,12.0
2144,71.46666666666667,0.8783736584746301,0,5.01041791559533,0.41342072925425555,6.563981697315029,12.0
2145,71.5,0.8828550875229798,0,6.224786612698708,1.0903873385883571,5.75947940947941,11.0
2146,71.53333333333333,0.882528724611279,0,8.240656196885567,1.7554499506414913,5.954977121643787,11.0
2147,71.56666666666666,0.8825409508589692,-1,7.2114098413946515,1.127465964932611,6.563981697315029,11.0
2148,71.6,0.8915278156421893,-1,7.250992699705275,1.127465964932611,6.563981697315029,11.0
2149,71.63333333333334,0.8917167829364124,-1,5.307471042765631,0.481978184511604,6.172986272986271,10.0
2150,71.66666666666667,0.8915100391301559,-1,5.257186083740539,0.4731899560825923,6.1729862729862734,10.0
2151,71.7,0.901059708878688,0,6.157236639668557,0.5007765435655642,6.977488560821894,10.0
2152,71.73333333333333,0.9014370562534134,0,5.98149659026533,0.4549965017591262,7.172986272986276,11.0
2153,71.76666666666667,0.9015036439043539,-1,4.0207290819628305,-0.1437540271631974,6.781990848657517,10.0
2154,71.8,0.9009373339959217,-1,3.977530818773765,-0.1410906451219205,6.78199084865752,10.0
2155,71.83333333333333,0.9013319162795481,0,4.113923493896436,-0.10576145117843794,6.586493136493141,9.0
2156,71.86666666666666,0.900635807441175,0,4.214815297023861,-0.0692342751455044,6.3909954243287626,8.0
2157,71.9,0.9030774433547515,0,3.1222050438244366,-0.6127841857219494,6.804502287835616,7.096137495127408
2158,71.93333333333334,0.9035007610350076,0,3.1150041895588956,-0.6127841857219494,6.804502287835616,7.096137495127408
2159,71.96666666666667,0.9034074575124714,0,2.965776368191918,-0.6480756688089571,7.000000000000003,8.0
2160,72.0,0.9044784106491855,0,2.965776368191918,-0.6480756688089571,7.000000000000003,8.0
2161,72.03333333333333,0.9043024597428223,0,0.798525144512567,-1.250795754621663,6.80450228783562,8.0
2162,72.06666666666666,0.9042451804912304,0,2.9581254124521195,-0.6487691845096606,7.000000000000003,8.0
2163,72.1,0.9069956836875968,0,4.398824006596023,-0.035366938368127876,6.195497712164375,7.0
2164,72.13333333333334,0.9068256217325451,0,4.542855517048338,0.0,6.000000000000002,6.000000000000028
2165,72.16666666666667,0.9067305186343497,0,4.400295102694585,-0.03540471631845321,6.1954977121643795,7.0
2166,72.2,0.9071650686706401,0,4.544418052210652,0.0,6.0,6.0
2167,72.23333333333333,0.9072460481990153,0,1.0520144061687517,-1.2291315502558007,6.413506863506868,7.028595983141457
2168,72.26666666666667,0.9072298522933402,0,1.1962288124250122,-1.1936890225059074,6.218009151342484,6.997831913350751
2169,72.3,0.9115108711143486,0,4.7809133105686925,0.036828451654315586,5.80450228783562,6.096137495127408
2170,72.33333333333333,0.9115970484846565,0,2.393646797615439,-0.6521993348688682,5.80450228783562,6.09613749512738
2171,72.36666666666666,0.911478784040532,0,6.143500268801709,0.6528886064278083,5.195497712164384,6.0
2172,72.4,0.912376797036851,0,2.7209743399429343,-0.5898303308369464,5.4135068635068615,6.028595983141457
2173,72.43333333333334,0.9122683114396472,0,1.8010733791630145,-0.640436720135682,4.60900457567124,4.998915956675404
2174,72.46666666666667,0.9123897416580343,0,1.8081991546630434,-0.640436720135682,4.60900457567124,4.998915956675404
2175,72.5,0.914381724671063,0,3.2121581687293244,0.0,4.0,4.0
2176,72.53333333333333,0.9141423703142749,0,4.470829145841385,0.6243126182515368,3.5864931364931367,5.0
2177,72.56666666666666,0.9142906732726384,0,6.85828057883873,1.341045345081227,3.781990848657516,5.0
2178,72.6,0.9145464033270608,0,4.551780463083546,0.6477226155436995,3.586493136493133,5.0
2179,72.63333333333334,0.9147317474376819,0,5.991683183334551,1.3497138380646732,2.9774885608218957,5.0
2180,72.66666666666667,0.9145843876518218,0,6.136322181873275,1.3924989627925015,2.7819908486575153,4.0
2181,72.7,0.9063241994481165,0,3.780788830897272,0.6728606508616508,2.586493136493136,4.0
2182,72.73333333333333,0.907640961458233,0,4.813015075476109,0.7289710642587295,3.390995424328753,4.0
2183,72.76666666666667,0.9072704224900114,0,6.105381998609182,1.427363058365131,2.977488560821891,5.0
2184,72.8,0.9068356867779204,0,6.135500299423995,1.4516520120913015,2.9774885608218944,5.0
2185,72.83333333333333,0.9068326968131198,0,3.528607953627521,0.6180978050225008,2.977488560821892,6.0
2186,72.86666666666666,0.9068868136452617,0,6.167887751344992,1.4773837650428163,2.977488560821893,5.0
2187,72.9,0.9014582626810717,0,6.020323214664991,1.455592595740825,3.172986272986271,6.0
2188,72.93333333333334,0.9068107304940485,-1,3.5634091532092853,0.6398310838268628,2.9774885608219015,6.0
2189,72.96666666666667,0.9068137405319854,-1,6.19725588704123,1.5274641570665892,2.977488560821899,5.0
2190,73.0,0.8998980862869437,0,7.452339951262907,2.2874387968371934,2.56398169731503,6.0
2191,73.03333333333333,0.899459774205027,0,3.564507635588093,0.650673419382656,2.9774885608218953,6.0
2192,73.06666666666666,0.8993271221532091,0,6.035992801053396,1.505352064126015,3.1729862729862695,6.0
2193,73.1,0.8953227952870915,0,7.42306301262888,2.327442060207261,2.563981697315029,6.0
2194,73.13333333333334,0.8952014669847297,0,3.594864165903928,0.6722007192370825,2.977488560821893,6.0
2195,73.16666666666667,0.8952356224847462,0,7.427058879960818,2.365150655279507,2.563981697315029,6.0
2196,73.2,0.8946552174480867,0,4.95470966394614,1.5064797351561765,2.368483985150649,6.0
2197,73.23333333333333,0.8947445755987657,0,3.584417078604602,0.6834090028540913,2.9774885608218944,6.0
2198,73.26666666666667,0.8954517256015934,0,3.604726583901595,0.6933579506348622,2.977488560821888,6.0
2199,73.3,0.8878288664863536,0,3.595018741550632,0.6939216092824267,2.977488560821894,6.0
2200,73.33333333333333,0.8881513169756273,0,3.61435940470696,0.7037331001949383,2.9774885608218975,6.0
2201,73.36666666666666,0.8882786885245901,0,3.4436769624561805,0.6520016158931696,3.172986272986273,7.0
2202,73.4,0.8897691188145012,0,1.9376389332711241,-0.26204296445212094,3.9774885608218966,8.0
2203,73.43333333333334,0.8903223672240692,0,3.2779703014602504,0.6169752357256755,3.3684839851506494,8.0
2204,73.46666666666667,0.8900668166181529,0,5.681354418367967,1.5647883593108816,3.5639816973150302,8.0
2205,73.5,0.8910158117755684,0,3.271064734786407,0.6253025351118708,3.368483985150648,8.0
2206,73.53333333333333,0.8913896583564174,0,4.554659738557504,1.5315106321729104,2.7594794094794124,8.0
2207,73.56666666666666,0.8912925192501113,0,4.53431566593245,1.5315106321729104,2.7594794094794133,8.0
2208,73.6,0.890426203368435,0,4.542258178415128,1.5509332837662555,2.7594794094794004,8.0
2209,73.63333333333334,0.8902637523252724,-1,4.689564337920121,1.6067101633264542,2.5639816973150302,7.0
2210,73.66666666666667,0.8901361673862505,-1,3.437898683158661,0.69707597691513,3.1729862729862752,7.0
2211,73.7,0.8817127475741061,-1,3.4529243233745817,0.7053053418672164,3.1729862729862703,7.0
2212,73.73333333333333,0.8821046333842983,0,5.801787740239398,1.68260639926541,3.368483985150655,7.0
2213,73.76666666666667,0.8817820762085182,0,5.999170414308509,1.7579946047473811,3.172986272986268,6.0
2214,73.8,0.8806759929887225,0,4.730894292434133,0.8183303342929662,3.7819908486575167,6.0
2215,73.83333333333333,0.8801964480603235,0,4.754671608189035,0.8269868587946121,3.7819908486575167,6.0
2216,73.86666666666666,0.8803862561592646,0,6.9442717432576835,1.7590495906990782,4.172986272986277,7.0
2217,73.9,0.8656488041778931,0,4.58372932012276,0.770321412345794,3.9774885608218953,7.0
2218,73.93333333333334,0.8659025501971287,0,5.707673934246081,0.8269868587946121,4.781990848657515,7.0
2219,73.96666666666667,0.8658427041053962,0,5.709221062333157,0.827469578175112,4.7819908486575144,7.0
2220,74.0,0.8283818068169283,0,6.8301376522776955,0.8846502980733248,5.586493136493134,7.0
2221,74.03333333333333,0.8290928491270674,0,4.4778345008047715,-0.11445875694502661,5.390995424328757,7.0
2222,74.06666666666666,0.8294151217805924,0,4.455733953371752,-0.11336465915886151,5.390995424328761,7.0
2223,74.1,0.8777287326314344,-1,13.76606472319543,3.856931783863729,6.172986272986277,9.0
2224,74.13333333333334,0.8861710521801777,-1,17.041916233361004,5.723485613665872,5.9549771216437914,10.0
2225,74.16666666666667,0.8863819500402901,-2,22.660818237857306,8.58693914498491,5.736967970301306,12.0
2226,74.2,0.8617165749983025,-3,35.54639196689371,9.221693662514213,15.781990848657523,24.0
2227,74.23333333333333,0.8619530905264587,-4,44.02362072190387,10.471756782805528,21.195497712164382,31.0
2228,74.26666666666667,0.8619144602851324,-5,49.58536496739654,10.791645293686372,25.413506863506864,36.0
2229,74.3,0.8668180289270098,-3,34.203285242921616,7.876045883204171,16.609004575671246,24.0
2230,74.33333333333333,0.8670345198842608,-2,21.173694295421242,4.651006824498893,10.609004575671241,15.0
2231,74.36666666666666,0.8669178496938706,-2,14.585165103476134,3.47901599165462,6.804502287835613,10.0
2232,74.4,0.878440992095939,-1,7.8114583272788485,1.2660611266018407,4.6090045756712446,6.0
2233,74.43333333333334,0.8783728536385936,-1,7.958923558451193,2.2876678470098852,3.0,5.0
2234,74.46666666666667,0.8785772690106296,-1,4.480321999436374,1.1448472044634457,2.0,3.0
2235,74.5,0.8809196339123495,-1,3.48071241404927,1.14573678693057,0.9999999999999971,2.0
2236,74.53333333333333,0.8805263157894737,0,1.168217247262303,0.06179710581807285,0.8045022878356164,1.0961374951273797
2237,74.56666666666666,0.8805357051924023,0,1.1683879927615113,0.061820491094835006,0.804502287835622,1.0961374951273797
2238,74.6,0.8630829428854518,0,13.915260781589623,7.634751201207166,6.818179267421693,22.0
2239,74.63333333333334,0.8629301802180084,-1,19.011353924927548,10.712095566151163,11.709551811824543,40.0
2240,74.66666666666667,0.862435550778429,-1,21.823935211254355,12.344170997929837,14.634957971321603,51.0
2241,74.7,0.8588118277757173,-1,27.621571158469575,17.796677901978114,19.858242487030374,64.0
2242,74.73333333333333,0.8581034395591433,-1,32.34729246147849,21.850830686233337,23.704509648770443,72.0
2243,74.76666666666667,0.8579324290167664,-1,34.697681449917326,23.84925780455086,25.864317969552133,77.0
2244,74.8,0.8646363249680987,0,24.399171169833565,22.991560844550293,26.58649313649313,52.0
2245,74.83333333333333,0.8646827624929815,1,13.530597722328636,20.45646144013682,28.285543468876813,36.11268865814321
2246,74.86666666666666,0.8649149975324609,1,8.39707292631374,19.236882895909588,28.744073210739874,35.52759446790668
2247,74.9,0.8750614188170313,1,9.122186862647961,16.159500198113903,22.157580074246738,29.045131805921528
2248,74.93333333333334,0.8747500762479243,0,11.87379232223937,15.361756469765396,17.766584649917984,24.992765711314803
2249,74.96666666666667,0.8746801335389517,0,10.86196605964696,13.41196907928483,14.766584649917979,22.018406736955797
2250,75.0,0.8714652522044664,0,4.654745214494095,8.224760543876698,11.503552620219288,16.025995040228224
2251,75.03333333333333,0.8714879103066324,0,-1.23520269430567,4.174244917620854,9.45852974186307,12.058391358666825
2252,75.06666666666666,0.8711338465694219,0,-3.283626283396753,2.55625747933189,8.43601830268496,10.041850303558192
2253,75.1,0.8622757508566821,0,-5.513038937666536,0.8444950604205417,7.413506863506858,8.028595983141372
2254,75.13333333333334,0.8620429005761511,0,-6.457371823432588,0.055286617195548615,7.195497712164377,8.0
2255,75.16666666666667,0.862084026272909,1,-7.7203736802192005,-0.8636073131457636,6.586493136493138,8.0
2256,75.2,0.86340162972402,1,-11.32811531909815,-2.756368591577342,6.172986272986279,8.0
2257,75.23333333333333,0.8628529273690564,1,-13.734043329428506,-3.7513862326810283,6.368483985150649,9.0
2258,75.26666666666667,0.8629900399074416,1,-13.734043329428506,-3.7513862326810283,6.368483985150649,9.0
2259,75.3,0.8672846789145457,1,-10.277998443216049,-2.731919069212239,5.368483985150647,8.0
2260,75.33333333333333,0.8665284939170289,1,-10.446586847661742,-2.788969059357214,5.172986272986272,7.0
2261,75.36666666666666,0.8663386357508762,1,-10.28166584782689,-2.73360921656311,5.368483985150652,8.0
2262,75.4,0.8807570869654746,1,-6.642871029435227,-0.8178260937747268,5.7819908486575144,8.0
2263,75.43333333333334,0.8800892167796174,1,-9.199243414144867,-1.8711354692036366,5.78199084865752,7.0
2264,75.46666666666667,0.8827414931962817,0,-7.9036321385520445,-1.7579946047473811,5.172986272986269,8.0
2265,75.5,0.8617597264361265,0,-7.896694992417213,-1.7590495906990782,5.172986272986276,8.0
2266,75.53333333333333,0.8621661049348559,0,-10.279849478628432,-2.7658639086540404,5.368483985150664,8.0
2267,75.56666666666666,0.8617943430075616,0,-9.060374289982022,-1.834842008122763,5.977488560821891,8.0
2268,75.6,0.8603850185521039,0,-6.700130691232214,-0.8361923586958255,5.781990848657516,8.0
2269,75.63333333333334,0.8600975057821262,0,-10.317707067657782,-2.796575374725961,5.368483985150658,8.0
2270,75.66666666666667,0.8600931935430188,0,-9.180152390490555,-2.739808872725064,4.563981697315032,8.0
2271,75.7,0.7476684551717134,1,-24.345506053799696,-7.073150347485239,8.781990848657516,15.0
2272,75.73333333333333,0.7484204285593292,2,-35.38066425143508,-10.973112661045946,10.781990848657514,21.0
2273,75.76666666666667,0.7479720232349405,3,-43.713877532390484,-13.754783109821375,12.781990848657525,26.0
2274,75.8,0.7645502645502645,3,-37.092200307754574,-11.768725946853664,11.36848398515066,22.0
2275,75.83333333333333,0.7645334142149429,2,-34.75655944954337,-11.642325496045714,10.345972545972561,20.0
2276,75.86666666666666,0.7644997135442996,2,-33.3868677200116,-11.488191249077062,9.932465682465688,19.0
2277,75.9,0.8663414146796323,1,-24.867219126905738,-8.71221403768493,7.73696797030131,14.0
2278,75.93333333333334,0.866410179540988,1,-18.165662864560367,-5.852398222932152,7.150474833808175,11.0
2279,75.96666666666667,0.8663613655287261,1,-15.855528141638128,-4.852124469122771,6.954977121643791,10.0
2280,76.0,0.8688508248741507,1,-11.157383045256541,-2.8183772149719744,6.563981697315034,10.0
2281,76.03333333333333,0.868946152951536,1,-8.800518261855839,-1.7878269354075371,6.368483985150654,10.0
2282,76.06666666666666,0.8689338937714941,1,-11.177969275916766,-2.8401169932590733,6.5639816973150245,10.0
2283,76.1,0.865371258475277,1,-7.609801454572651,-0.8131507489142678,6.977488560821898,10.0
2284,76.13333333333334,0.8680628272251308,1,-8.829630082110057,-1.812237889958709,6.368483985150649,10.0
2285,76.16666666666667,0.8681406366885546,1,-5.247047741253347,0.2411093247367262,6.781990848657516,10.0
2286,76.2,0.8707187650747709,1,-7.494418504418654,3.4344537769906935,15.000000000000009,18.0
2287,76.23333333333333,0.8709393037143,1,-9.46513566155592,5.460101854119074,20.218009151342493,22.0
2288,76.26666666666667,0.8711190975341919,1,-11.573173569707556,6.420724519494229,23.82701372701373,25.576824970764335
2289,76.3,0.8706150949055943,2,-21.981705634604523,1.507047829847039,22.654027454027453,25.480453328938154
2290,76.33333333333333,0.8702599133622126,1,-30.507145919461447,-2.113701687582335,22.67653889320556,28.09286098725954
2291,76.36666666666666,0.8702410903213982,1,-35.34060762249605,-4.460995075274383,22.090045756712424,29.486270726858493
2292,76.4,0.8725389289153026,2,-30.82745724811102,-7.064113242088553,14.631516014849336,22.0
2293,76.43333333333334,0.8726195022331436,1,-28.831988926184323,-8.924776762259143,9.999999999999998,18.0
2294,76.46666666666667,0.8726424491964404,2,-28.94353216212301,-10.853890104851075,7.172986272986279,16.0
2295,76.5,0.8742097968290456,2,-21.142622282034424,-7.625391962937613,5.586493136493132,12.0
2296,76.53333333333333,0.8739087117310322,2,-21.028236980994485,-8.542900412758513,3.9774885608218953,11.0
2297,76.56666666666666,0.8732040047949484,2,-17.790867279911602,-7.466919648494752,2.977488560821894,9.0
2298,76.6,0.8774736343168622,1,-15.621835585863629,-7.376297910516769,1.7336816161425843,7.0
2299,76.63333333333334,0.8758779426946706,1,-13.442636297649036,-6.335102852619286,1.493894491047854,6.0
2300,76.66666666666667,0.876011374792647,1,-14.438971289315445,-7.295478541395909,1.5917113138876189,6.0
2301,76.7,0.8719969280598361,0,-10.148672255670482,-5.258830656160285,1.1127528493001422,4.0
2302,76.73333333333333,0.8715902640980268,1,-6.7580911351639745,-3.1833152763228725,0.8038901054052658,3.0
2303,76.76666666666667,0.8712833269336717,1,-5.765488034436535,-3.187360655816093,0.7743369272294884,2.0
2304,76.8,0.8797944116120607,1,-3.4559420011353774,-2.105421467344968,0.6200477259705892,1.0285959831414289
2305,76.83333333333333,0.8792670682730924,1,-2.4805013926553356,-1.1457628381751306,0.5128205128204997,1.0
2306,76.86666666666666,0.8790377891901838,1,-2.4805013926553356,-1.1457628381751306,0.5128205128204997,1.0
2307,76.9,0.8831602436118987,0,-4.86851227743681,-3.933691356725973,5.759479409479414,16.0
2308,76.93333333333334,0.884280722972519,0,-1.160979394287322,-1.1436893285038536,5.714456531123209,21.0
2309,76.96666666666667,0.8847433699707573,0,1.4994628617925798,0.6603283540650295,6.315228180655177,25.0
2310,77.0,0.8832166895489402,0,0.9525063952268304,0.4685505916597492,7.0276361659970465,28.0
2311,77.03333333333333,0.8830056062254205,0,0.4523939178052778,0.29078903143152957,7.75099709153888,31.0
2312,77.06666666666666,0.8831916460271771,0,2.3521026700804732,1.2180060842840987,8.035495628746315,32.0
2313,77.1,0.8715758809606567,0,0.22962132495466037,0.22218897447248764,7.992374404495621,32.0
2314,77.13333333333334,0.8722998939835674,0,0.19555860638505607,0.21598732865595593,7.992374404495595,32.0
2315,77.16666666666667,0.8727911679872692,0,1.0039080919558572,1.0689316126207302,7.897323812636024,32.0
2316,77.2,0.8864421343487271,0,-2.287452437976455,-3.722217544245865,8.368483985150654,18.0
2317,77.23333333333333,0.8859989211786123,0,-3.976019498496065,-6.458431489929495,9.458529741863064,12.166650969681314
2318,77.26666666666667,0.8864881263377884,-1,-4.27009167807746,-7.223096601541755,9.503552620219285,14.00035401458723
2319,77.3,0.8807313120399757,0,-2.214862893039072,-6.410374845850811,10.30805490805491,15.048627833751823
2320,77.33333333333333,0.8804780876494024,0,-0.12686478876414142,-4.977381166184273,9.894548044548042,14.100241662225187
2321,77.36666666666666,0.8801242131200108,-1,0.7181458586961575,-4.90419394370781,10.50355262021929,15.176500828015975
2322,77.4,0.8772733396200997,0,5.664332497106633,-1.721894602496235,9.654027454027442,12.265155617772734
2323,77.43333333333334,0.876663185906289,-1,7.90946927472353,-0.46357351033083205,9.631516014849348,11.326359828655512
2324,77.46666666666667,0.8766740225392922,-1,10.372955329932964,0.8654242350041272,9.413506863506862,11.0
2325,77.5,0.8738398190961558,-1,10.13160980226627,0.7850532373081478,9.804502287835616,11.0
2326,77.53333333333333,0.8738566944547571,-1,9.237690564089188,0.11965279742315715,10.413506863506864,11.288412485382196
2327,77.56666666666666,0.8736985977760154,-1,10.023585886666218,0.7452512903372224,9.999999999999998,11.0
2328,77.6,0.8744994677885346,-1,11.012668874897468,1.4387675897837369,9.195497712164379,11.0
2329,77.63333333333334,0.8751330978417023,-1,8.304799329611782,0.07980970783674479,9.609004575671241,10.192274990254816
2330,77.66666666666667,0.875128876869771,-1,9.122260811061667,0.7061341113192725,9.195497712164379,10.0
2331,77.7,0.8782675550999487,0,8.124970047347785,0.6535831532316365,8.390995424328755,9.0
2332,77.73333333333333,0.8795596731735668,-1,7.078063853194762,0.5745332585387359,7.78199084865752,10.0
2333,77.76666666666667,0.8792104588567035,-1,5.073096333122913,-0.15945474439376994,7.781990848657517,11.0
2334,77.8,0.8693956783081036,0,4.127207734446107,-0.19900986154817701,6.977488560821897,11.0
2335,77.83333333333333,0.8680828609848679,0,5.0181999430117425,0.4227355547059801,6.563981697315029,12.0
2336,77.86666666666666,0.8680828609848679,0,5.872558192729817,1.036676645647617,6.15047483380817,13.0
2337,77.9,0.8770220997312426,0,3.8985185372291262,0.33633782538274204,5.954977121643787,13.0
2338,77.93333333333334,0.8768580763243872,0,6.859725190025924,1.6780497063591326,5.54147025813692,13.0
2339,77.96666666666667,0.8768946522051527,0,4.947578437777999,0.9963985580681651,5.345972545972542,13.0
2340,78.0,0.8869680393573468,-1,5.097253080450907,1.035605363174966,5.150474833808162,12.0
2341,78.03333333333333,0.8873074606316151,0,4.043827654482742,0.37515507120525626,5.759479409479402,12.0
2342,78.06666666666666,0.8872408156241934,-1,5.2473709884079405,1.0747714309750336,4.954977121643782,11.0
2343,78.1,0.8884967998616157,-1,2.370282832075821,-0.23794911326945112,5.172986272986266,10.0
2344,78.13333333333334,0.8883967960140478,-1,4.3300170306334085,0.4533651026309826,5.368483985150647,10.0
2345,78.16666666666667,0.8884256055363322,-1,2.3681531105403586,-0.23770294761828836,5.172986272986274,10.0
2346,78.2,0.8876182287188306,-1,4.380558297273666,0.4611913915838386,5.368483985150656,10.0
2347,78.23333333333333,0.8876052948255114,-1,4.380558297273666,0.4611913915838386,5.368483985150656,10.0
2348,78.26666666666667,0.887273102310231,-1,4.5200266509374725,0.5009111294475019,5.172986272986271,9.0
2349,78.3,0.8893012387677611,-1,2.506285863917599,-0.1979832097545966,4.97748856082189,9.0
2350,78.33333333333333,0.8886731836377068,-1,2.506285863917599,-0.1979832097545966,4.97748856082189,9.0
2351,78.36666666666666,0.8886139889696407,-1,4.477359165434983,0.49189784498068434,5.172986272986275,9.0
2352,78.4,0.8939962153793222,-1,2.483363875463416,-0.1944084655185918,4.977488560821891,9.0
2353,78.43333333333334,0.8941880871270775,-1,4.621737435516495,0.5308606318447744,4.977488560821892,8.0
2354,78.46666666666667,0.8940812112869925,-1,5.6371727054900855,1.1680754737123493,4.368483985150655,8.0
2355,78.5,0.8950803735721974,0,2.6188314436690145,-0.15528365674069278,4.781990848657512,8.0
2356,78.53333333333333,0.8948053525869101,-1,4.581462817475192,0.5206979389610638,4.977488560821891,8.0
2357,78.56666666666666,0.8946747205443311,0,4.638175179501973,0.5303091172324628,4.977488560821895,8.0
2358,78.6,0.8940576956296424,0,4.590365319272099,0.5212428902842419,4.9774885608218895,8.0
2359,78.63333333333334,0.8932235001554243,0,4.590365319272099,0.5212428902842419,4.9774885608218895,8.0
2360,78.66666666666667,0.8936269430051813,0,4.590365319272099,0.5212428902842419,4.9774885608218895,8.0
2361,78.7,0.8932343406880686,0,3.5512418152131318,-0.11664502416959976,5.586493136493133,8.0
2362,78.73333333333333,0.892908802565309,0,4.599269524354694,0.5217882259126441,4.977488560821891,8.0
2363,78.76666666666667,0.8926399079770639,0,4.599269524354694,0.5217882259126441,4.977488560821891,8.0
2364,78.8,0.8919739169643787,0,4.599269524354694,0.5217882259126441,4.977488560821891,8.0
2365,78.83333333333333,0.8922340536228365,0,5.699231484140121,1.1705131185552204,4.368483985150648,8.0
2366,78.86666666666666,0.8920737311207061,0,5.699231484140121,1.1705131185552204,4.368483985150648,8.0
2367,78.9,0.893339616713792,0,5.557276444268936,1.130998454511655,4.56398169731503,9.0
2368,78.93333333333334,0.8929699359634277,0,5.557276444268936,1.130998454511655,4.56398169731503,9.0
2369,78.96666666666667,0.8924502294418369,0,3.433355425457073,0.4138504385874171,4.563981697315029,10.0
2370,79.0,0.8930137844611529,0,5.493781803832672,1.1115934897063369,4.759479409479408,10.0
2371,79.03333333333333,0.8916286996139533,0,4.3740755564995375,0.45289445632542424,5.3684839851506485,10.0
2372,79.06666666666666,0.8919647828507795,0,4.3740755564995375,0.45289445632542424,5.3684839851506485,10.0
2373,79.1,0.8848640292319584,0,4.37167131268324,0.45242411790951564,5.368483985150656,10.0
2374,79.13333333333334,0.8846147090337426,0,3.2978390338080175,-0.1979832097545966,5.97748856082189,10.0
2375,79.16666666666667,0.8847836399093448,0,4.519876945968107,0.49189784498068434,5.172986272986275,9.0
2376,79.2,0.8836401103698788,0,4.3774782164505694,0.45242411790951564,5.368483985150656,10.0
2377,79.23333333333333,0.8839805062097155,0,4.3774782164505694,0.45242411790951564,5.368483985150656,10.0
2378,79.26666666666667,0.8839739447810977,0,4.3774782164505694,0.45242411790951564,5.368483985150656,10.0
2379,79.3,0.8816444459915759,0,4.3774782164505694,0.45242411790951564,5.368483985150656,10.0
2380,79.33333333333333,0.8827958863517518,0,4.3774782164505694,0.45242411790951564,5.368483985150656,10.0
2381,79.36666666666666,0.8828789569097755,0,4.3774782164505694,0.45242411790951564,5.368483985150656,10.0
2382,79.4,0.8850912140910044,0,4.3774782164505694,0.45242411790951564,5.368483985150656,10.0
2383,79.43333333333334,0.8855570117955439,0,6.310604779501471,1.110442927036189,5.759479409479414,11.0
2384,79.46666666666667,0.8851195469798657,0,6.310604779501471,1.110442927036189,5.759479409479414,11.0
2385,79.5,0.8854009739690992,0,4.243024533503785,0.41342072925425555,5.563981697315029,11.0
2386,79.53333333333333,0.8856181665264928,0,4.24070982153032,0.41299130164202325,5.563981697315035,11.0
2387,79.56666666666666,0.8856647216527361,0,4.24070982153032,0.41299130164202325,5.563981697315035,11.0
2388,79.6,0.8858793347178834,0,4.100449234816207,0.37398791298676315,5.759479409479408,12.0
2389,79.63333333333334,0.886045902783838,0,4.100449234816207,0.37398791298676315,5.759479409479408,12.0
2390,79.66666666666667,0.8860613676824799,0,4.100449234816207,0.37398791298676315,5.759479409479408,12.0
2391,79.7,0.8913104661389621,0,2.0668842833763357,-0.31660949095694946,5.563981697315034,12.0
2392,79.73333333333333,0.8910581117208386,0,2.066539564254132,-0.3162816848273735,5.563981697315026,12.0
2393,79.76666666666667,0.8912695480852112,0,4.105722509849912,0.37398791298676315,5.759479409479408,12.0
2394,79.8,0.8830221039920194,0,0.9538360453919132,-0.9617694652483806,6.172986272986267,12.0
2395,79.83333333333333,0.8828858766943595,0,4.0982250175313375,0.37359936990790743,5.759479409479411,12.0
2396,79.86666666666666,0.8830298896409395,0,4.0982250175313375,0.37359936990790743,5.759479409479411,12.0
2397,79.9,0.8802221601229565,0,4.755664935124429,0.33424829633878517,6.954977121643791,14.0
2398,79.93333333333334,0.8798330480947225,0,2.7014747593046984,-0.34920672294697397,6.759479409479411,14.0
2399,79.96666666666667,0.8798875364546042,0,4.760670760004775,0.33424829633878517,6.954977121643791,14.0
2400,80.0,0.8756518251103088,0,3.7775188131491433,-0.2716049699355665,7.368483985150654,13.0
2401,80.03333333333333,0.8747711141726104,0,2.9848221343900256,-0.2716049699355665,6.368483985150654,12.0
2402,80.06666666666666,0.8745052224101554,0,6.091129501009174,1.0498996521416188,5.954977121643788,12.0
2403,80.1,0.8746585947149592,0,4.979950724344363,0.40508359900317714,6.563981697315034,12.0
2404,80.13333333333334,0.8744802630434404,0,5.12082029268301,0.44376294528973403,6.368483985150651,11.0
2405,80.16666666666667,0.874747720787807,0,5.12082029268301,0.44376294528973403,6.368483985150651,11.0
2406,80.2,0.8716777264357434,0,5.12082029268301,0.44376294528973403,6.368483985150651,11.0
2407,80.23333333333333,0.8725200653208715,0,5.399982269744978,0.5206979389610638,5.977488560821891,9.0
2408,80.26666666666667,0.8717556721448178,0,5.399982269744978,0.5206979389610638,5.977488560821891,9.0
2409,80.3,0.8872042189993755,0,5.261780333040207,0.4824826997391938,6.172986272986271,10.0
2410,80.33333333333333,0.8857584011380788,0,5.261780333040207,0.4824826997391938,6.172986272986271,10.0
2411,80.36666666666666,0.8848796058566373,0,5.261780333040207,0.4824826997391938,6.172986272986271,10.0
2412,80.4,0.8874565066109952,0,5.40283085143728,0.5212428902842419,5.9774885608218895,9.0
2413,80.43333333333334,0.8873232086008037,0,5.40283085143728,0.5212428902842419,5.9774885608218895,9.0
2414,80.46666666666667,0.8874467159634624,0,5.264538711824624,0.48298757142774207,6.172986272986266,10.0
2415,80.5,0.8866259923042258,0,6.380291774619135,1.1298201548558495,5.563981697315031,10.0
2416,80.53333333333333,0.8855346565520108,0,6.380291774619135,1.1298201548558495,5.563981697315031,10.0
2417,80.56666666666666,0.8854406594738756,0,6.380291774619135,1.1298201548558495,5.563981697315031,10.0
2418,80.6,0.8817375917283972,0,5.318017170008307,0.4913869047736057,6.1729862729862734,10.0
2419,80.63333333333334,0.8813218440626246,0,5.175441871320729,0.4519540885061133,6.368483985150652,11.0
2420,80.66666666666667,0.8817877521288957,0,5.175441871320729,0.4519540885061133,6.368483985150652,11.0
2421,80.7,0.8876774936329065,0,5.175441871320729,0.4519540885061133,6.368483985150652,11.0
2422,80.73333333333333,0.8875414412842436,0,6.237716475931556,1.0903873385883571,5.75947940947941,11.0
2423,80.76666666666667,0.8872354901174049,0,6.237716475931556,1.0903873385883571,5.75947940947941,11.0
2424,80.8,0.8858859378787354,0,5.175441871320729,0.4519540885061133,6.368483985150652,11.0
2425,80.83333333333333,0.8860091068058658,0,5.175441871320729,0.4519540885061133,6.368483985150652,11.0
2426,80.86666666666666,0.8856440528329323,0,4.232855832487719,0.4125621567720259,5.563981697315028,11.0
2427,80.9,0.8845371930982954,0,5.175441871320729,0.4519540885061133,6.368483985150652,11.0
2428,80.93333333333334,0.884429618819278,0,5.175441871320729,0.4519540885061133,6.368483985150652,11.0
2429,80.96666666666667,0.8843948712602939,0,6.376008615544212,1.128642657444857,5.563981697315034,10.0
2430,81.0,0.8784577574035662,0,4.3808800255898745,0.4519540885061133,5.368483985150652,10.0
2431,81.03333333333333,0.8781699346405228,0,4.238395221590892,0.4125621567720259,5.563981697315028,11.0
2432,81.06666666666666,0.8784302102583772,0,4.238395221590892,0.4125621567720259,5.563981697315028,11.0
2433,81.1,0.883629191321499,0,6.389204220044746,1.128642657444857,5.563981697315034,10.0
2434,81.13333333333334,0.8836641008186277,0,6.389204220044746,1.128642657444857,5.563981697315034,10.0
2435,81.16666666666667,0.8836815555671921,0,6.389204220044746,1.128642657444857,5.563981697315034,10.0
2436,81.2,0.8859157633834285,0,4.527032800487099,0.49087630096497037,5.172986272986274,9.0
2437,81.23333333333333,0.885453022476616,0,4.527032800487099,0.49087630096497037,5.172986272986274,9.0
2438,81.26666666666667,0.8853208607480061,0,5.459279732922184,1.089250725710741,4.759479409479409,10.0
2439,81.3,0.8921151701059676,0,5.459279732922184,1.089250725710741,4.759479409479409,10.0
2440,81.33333333333333,0.8931366908983143,0,5.459279732922184,1.089250725710741,4.759479409479409,10.0
2441,81.36666666666666,0.8926535947712418,0,5.459279732922184,1.089250725710741,4.759479409479409,10.0
2442,81.4,0.8928615115771079,0,5.598013085623055,1.127465964932611,4.56398169731503,9.0
2443,81.43333333333334,0.8926168632590651,0,5.598013085623055,1.127465964932611,4.56398169731503,9.0
2444,81.46666666666667,0.8927004875661885,0,5.598013085623055,1.127465964932611,4.56398169731503,9.0
2445,81.5,0.8928858731768738,0,5.598013085623055,1.127465964932611,4.56398169731503,9.0
2446,81.53333333333333,0.8932936958992743,0,4.478171382329528,0.481978184511604,5.172986272986271,9.0
2447,81.56666666666666,0.8933543196922,0,4.478171382329528,0.481978184511604,5.172986272986271,9.0
2448,81.6,0.8921266999965038,0,4.337035442347279,0.4432988382250471,5.368483985150656,10.0
2449,81.63333333333334,0.891279272981475,0,4.337035442347279,0.4432988382250471,5.368483985150656,10.0
2450,81.66666666666667,0.8916018526610154,0,5.393697084873619,1.069447632867508,4.759479409479413,10.0
2451,81.7,0.8922583997228958,0,4.339438029628656,0.44376294528973403,5.368483985150651,10.0
2452,81.73333333333333,0.8925198828686778,0,4.200614407480629,0.40550762643323424,5.563981697315027,11.0
2453,81.76666666666667,0.8923559374891715,0,4.341840846873453,0.444227380882694,5.368483985150648,10.0
2454,81.8,0.8962818003913894,-1,5.4047410442148305,1.0725494719683581,4.954977121643789,11.0
2455,81.83333333333333,0.8963528678304239,-1,5.4085794810696335,1.0736601037696687,4.95497712164379,11.0
2456,81.86666666666666,0.8965445570277994,-1,5.4085794810696335,1.0736601037696687,4.95497712164379,11.0
2457,81.9,0.8945699083141238,-1,4.304375816214812,0.4218652995294292,5.563981697315024,11.0
2458,81.93333333333334,0.8946164245848789,-1,2.2249982875236363,-0.28281741505730906,5.368483985150646,11.0
2459,81.96666666666667,0.8946182511482798,-1,2.2249982875236363,-0.28281741505730906,5.368483985150646,11.0
2460,82.0,0.8954863208768448,-1,4.44936970861578,0.46214338710888114,5.368483985150651,10.0
2461,82.03333333333333,0.8956686798964625,-1,3.324654099034195,-0.202012320728727,5.977488560821895,10.0
2462,82.06666666666666,0.8955996548748921,-1,4.494132504914585,0.4700571845589536,5.3684839851506485,10.0
2463,82.1,0.894670510850612,0,4.2965094988742045,0.4214305618891103,5.56398169731503,11.0
2464,82.13333333333334,0.8947759132656584,0,4.2965094988742045,0.4214305618891103,5.56398169731503,11.0
2465,82.16666666666667,0.8948467846353043,0,3.1804699120144733,-0.2420416318034313,6.1729862729862734,11.0
2466,82.2,0.8943261563679205,0,6.45479250974314,1.150596878361597,5.563981697315035,10.0
2467,82.23333333333333,0.8939370656832113,0,6.437281889753635,1.1494057139003075,5.563981697315031,10.0
2468,82.26666666666667,0.8940521715378312,0,3.297407766914411,-0.19757345055487008,5.977488560821896,10.0
2469,82.3,0.8933516595398086,0,6.558963099462783,1.1870969706574783,5.368483985150656,9.0
2470,82.33333333333333,0.8934993553640497,0,6.558963099462783,1.1870969706574783,5.368483985150656,9.0
2471,82.36666666666666,0.8937239061810529,0,6.469457611616447,1.1656411535245184,5.368483985150649,9.0
2472,82.4,0.8870308867485885,0,8.325416701018085,2.3727176391387843,4.541470258136919,11.0
2473,82.43333333333334,0.8862765269043787,-1,9.19694448473327,2.9517541292103715,4.12796339463006,12.0
2474,82.46666666666667,0.8860408786249917,-1,7.14752662679807,2.255743435409812,3.9324656824656814,12.0
2475,82.5,0.8885744252251653,-1,8.946742231714342,2.8646908298156006,4.323461106794442,13.0
2476,82.53333333333333,0.8885891736183958,-1,8.946742231714342,2.8646908298156006,4.323461106794442,13.0
2477,82.56666666666666,0.888228636106395,-1,9.780871737314573,3.421361254767419,3.964037421613173,14.0
2478,82.6,0.8816885946674207,0,6.955561088558975,2.1828224149506923,4.127963394630056,13.0
2479,82.63333333333334,0.881817728172458,0,6.955561088558975,2.1828224149506923,4.127963394630056,13.0
2480,82.66666666666667,0.8818891088450086,-1,7.939788063547894,2.7794783287843643,3.586095217913396,13.0
2481,82.7,0.8862210185613316,0,6.988445129340761,2.1851228848111077,4.127963394630058,13.0
2482,82.73333333333333,0.8876666171151083,0,6.087324626599003,2.14866491792867,3.4365223305076342,13.0
2483,82.76666666666667,0.8879392839465434,0,6.087324626599003,2.14866491792867,3.4365223305076342,13.0
2484,82.8,0.8894888943935265,0,4.32455497373444,0.9974270202017124,4.150474833808162,11.0
2485,82.83333333333333,0.8902449094181957,0,4.321078715857073,0.9963821108324282,4.150474833808166,11.0
2486,82.86666666666666,0.8896427628103539,0,4.4582964943907974,1.0340577117196403,3.9549771216437852,10.0
2487,82.9,0.8988579155737304,0,3.5449563103654818,0.4446921440123788,4.368483985150645,9.0
2488,82.93333333333334,0.8996529644655163,0,4.795968671249099,1.130998454511655,3.56398169731503,8.0
2489,82.96666666666667,0.8997165477470433,0,2.7896929698098276,0.45289445632542424,3.368483985150648,8.0
2490,83.0,0.9011705413753861,0,1.6795551581950292,-0.1946111996889499,3.9774885608218886,8.0
2491,83.03333333333333,0.9000715051841258,0,3.7333516325988896,0.49240912036898976,4.172986272986266,8.0
2492,83.06666666666666,0.9009252182962325,0,2.7955003555108497,0.45289445632542424,3.368483985150648,8.0
2493,83.1,0.8956110085854129,0,3.7333516325988896,0.49240912036898976,4.172986272986266,8.0
2494,83.13333333333334,0.895326442832381,0,3.7333516325988896,0.49240912036898976,4.172986272986266,8.0
2495,83.16666666666667,0.8953044259716918,0,1.6795551581950292,-0.1946111996889499,3.9774885608218886,8.0
2496,83.2,0.9096461836895009,-1,4.845005705686422,1.1298201548558495,3.563981697315031,8.0
2497,83.23333333333333,0.9082576158197523,-1,1.8128116204006872,-0.15528365674069278,3.781990848657512,7.0
2498,83.26666666666667,0.9100179579271421,-1,2.7921701950294704,0.4432988382250471,3.368483985150655,8.0
2499,83.3,0.9032619482057684,-1,4.986341609712021,1.1456441602080645,3.3684839851506516,7.0
2500,83.33333333333333,0.9031385541204526,0,4.856493352847146,1.1069648139215076,3.563981697315036,8.0
2501,83.36666666666666,0.9031979256698358,0,2.9508392237897283,0.48147402681692597,3.1729862729862752,7.0
2502,83.4,0.9024210829308856,0,4.869645637469709,1.1069648139215076,3.563981697315036,8.0
2503,83.43333333333334,0.9021219438092649,0,2.782678414828961,0.43521458272337554,3.3684839851506525,8.0
2504,83.46666666666667,0.9022244966496618,0,2.782678414828961,0.43521458272337554,3.3684839851506525,8.0
2505,83.5,0.9050442732474507,0,2.819241146503444,0.44283506066963696,3.3684839851506494,8.0
2506,83.53333333333333,0.9049780989225309,0,2.9286554989886824,0.4726922345134028,3.1729862729862695,7.0
2507,83.56666666666666,0.9054639653325232,0,5.03615827098837,1.1444424657115349,3.368483985150653,7.0
2508,83.6,0.9081603275646972,0,4.905333623117006,1.1058034995642174,3.5639816973150276,8.0
2509,83.63333333333334,0.9080845890520524,0,2.7981080908547575,0.4347567360607627,3.368483985150648,8.0
2510,83.66666666666667,0.9077806571328022,0,5.000877724110904,1.123514653916061,3.3684839851506494,7.0
2511,83.7,0.9084836446352481,0,2.9447876562568105,0.4721948890088754,3.172986272986274,7.0
2512,83.73333333333333,0.9092205170922372,0,5.014241519676858,1.123514653916061,3.3684839851506494,7.0
2513,83.76666666666667,0.9096781432326729,0,3.093966118022589,0.5101303874615155,2.9774885608218953,6.0
2514,83.8,0.90784140969163,0,1.7700739422324716,-0.14935823426543493,3.7819908486575153,7.0
2515,83.83333333333333,0.907932896444537,0,4.884194180426313,1.0855791554634493,3.563981697315028,8.0
2516,83.86666666666666,0.9078747096050629,0,5.02374428818845,1.1223296668398461,3.3684839851506525,7.0
2517,83.9,0.9058544936718987,0,5.037105991209383,1.1223296668398461,3.3684839851506525,7.0
2518,83.93333333333334,0.9056869459468109,0,3.7001330859243744,0.4635354260478266,4.1729862729862734,8.0
2519,83.96666666666667,0.9047984767756284,0,3.8895484321684073,0.5095935736066508,3.977488560821894,7.0
2520,84.0,0.8968365329421519,0,2.544162522236469,-0.14920066718536873,4.7819908486575144,8.0
2521,84.03333333333333,0.8969228316326531,0,4.489838899116961,0.4635354260478266,5.1729862729862734,9.0
2522,84.06666666666666,0.8966578435437064,0,6.629527555847638,1.1211456024032032,5.368483985150652,9.0
2523,84.1,0.9110288342869965,0,5.862239046478628,1.1223296668398461,4.368483985150652,8.0
2524,84.13333333333334,0.9106338648930202,0,3.7181526559314264,0.4635354260478266,4.1729862729862734,8.0
2525,84.16666666666667,0.909705641995289,0,3.7181526559314264,0.4635354260478266,4.1729862729862734,8.0
2526,84.2,0.9116475500311945,0,3.858665662186869,0.5002470147227598,3.977488560821894,7.0
2527,84.23333333333333,0.9116508271735304,0,1.7643541057919094,-0.14920066718536873,3.7819908486575144,7.0
2528,84.26666666666667,0.9116842391565205,0,2.9464664127459024,0.4635354260478266,3.172986272986273,7.0
2529,84.3,0.9105400182082448,0,5.090552803293104,1.1223296668398461,3.3684839851506525,7.0
2530,84.33333333333333,0.910637550120609,0,3.8672615775806243,0.5007765435655642,3.977488560821894,7.0
2531,84.36666666666666,0.9105226169179658,0,3.8672615775806243,0.5007765435655642,3.977488560821894,7.0
2532,84.4,0.9108289433654108,-1,5.262545618865438,1.1602651652924862,3.172986272986274,6.0
2533,84.43333333333334,0.9113086657055902,-1,4.030061009635396,0.5380570067664792,3.781990848657513,6.0
2534,84.46666666666667,0.9111324683645683,-1,3.114388084996584,0.5007765435655642,2.977488560821894,6.0
2535,84.5,0.9174842242168307,0,4.062737771453968,0.5380570067664792,3.781990848657513,6.0
2536,84.53333333333333,0.9177145059498001,0,4.082343828545113,0.5380570067664792,3.7819908486575136,6.0
2537,84.56666666666666,0.9176141838504529,0,1.880364172750852,-0.11001812480657236,3.5864931364931385,6.0
2538,84.6,0.913713752373596,0,4.056397939718607,0.5281477283443792,3.781990848657519,6.0
2539,84.63333333333334,0.9136751999227662,0,1.8779946518162234,-0.11001812480657236,3.5864931364931394,6.0
2540,84.66666666666667,0.913562567378397,0,5.3921034428516705,1.140150262621944,3.17298627298627,6.0
2541,84.7,0.917447589604869,0,1.8761402059758296,-0.11013479773140489,3.586493136493135,6.0
2542,84.73333333333333,0.9173496497866517,0,0.5521942634383237,-0.7109506034945525,4.195497712164375,6.0
2543,84.76666666666667,0.9176542573747263,0,0.6898098825926624,-0.6749163645273768,3.9999999999999973,5.0
2544,84.8,0.9161082948203348,0,0.5355011860475614,-0.7117058302508781,4.195497712164375,6.0
2545,84.83333333333333,0.9159283543898928,0,-0.8226748431459328,-1.327143838424604,4.804502287835622,6.0
2546,84.86666666666666,0.9158004158004158,0,0.5266227708905546,-0.7124616846097069,4.19549771216438,6.0
2547,84.9,0.9116283515748219,0,0.5266227708905546,-0.7124616846097069,4.19549771216438,6.0
2548,84.93333333333334,0.911794218364259,0,0.5157988871147765,-0.725817252246685,4.1954977121643795,6.0
2549,84.96666666666667,0.9133066764373218,0,0.5157988871147765,-0.725817252246685,4.1954977121643795,6.0
2550,85.0,0.9137191599803763,0,0.6638689430361779,-0.6890277865231837,4.000000000000001,5.0
2551,85.03333333333333,0.9131349897135622,0,1.584507457321429,-0.6521993348688682,4.80450228783562,5.09613749512738
2552,85.06666666666666,0.9134136114056047,0,-0.729421309820907,-1.3165633687332274,4.609004575671244,5.192274990254759
2553,85.1,0.9257822968392843,0,0.6553087224737979,-0.689756075536593,3.9999999999999956,5.0
2554,85.13333333333334,0.925684197250599,0,0.8038261988239555,-0.6528886064278083,3.8045022878356165,4.096137495127408
2555,85.16666666666667,0.9256742910288948,0,0.6456737518960765,-0.7033580394684691,4.000000000000003,5.0
2556,85.2,0.9194305381727159,0,0.7962143539600319,-0.6657617089092582,3.8045022878356205,4.09613749512738
2557,85.23333333333333,0.9193704827758831,0,0.7953498896064772,-0.6664613230680629,3.804502287835618,4.09613749512738
2558,85.26666666666667,0.9194148936170212,0,-0.6190927716249419,-1.3062297564385403,4.413506863506861,5.028595983141457
2559,85.3,0.9174723163665328,0,0.9494672766361063,-0.6397684333704774,3.6090045756712428,3.9989159566753756
2560,85.33333333333333,0.91643232095988,0,0.796319112904051,-0.6788124511084561,3.8045022878356236,4.096137495127408
2561,85.36666666666666,0.9165442899546946,0,3.335752660406648,0.039084674019875365,3.804502287835619,4.09613749512738
2562,85.4,0.9136743345177981,0,0.9509883479453194,-0.6529061314456044,3.6090045756712414,3.998915956675347
2563,85.43333333333334,0.9135231150376292,0,0.9581330053589454,-0.6529061314456044,3.6090045756712414,3.998915956675347
2564,85.46666666666667,0.913632963470889,0,-0.48861834931528847,-1.3170618392832125,4.2180091513424856,4.997831913350723
2565,85.5,0.9158844990489258,0,1.1172310939453354,-0.6249553675678783,3.413506863506862,4.028595983141457
2566,85.53333333333333,0.9157962021764211,0,2.4099202959857564,0.0,3.0000000000000004,3.000000000000014
2567,85.56666666666666,0.9157740461823908,0,1.1241205264555418,-0.6249553675678783,3.413506863506862,4.028595983141457
2568,85.6,0.9096845583193067,0,2.432995648215936,0.0,3.0000000000000004,3.000000000000014
2569,85.63333333333334,0.9100121605188488,0,2.432995648215929,0.0,3.0,3.0
2570,85.66666666666667,0.9103004024082104,0,0.9785167397129584,-0.6782788319906672,3.6090045756712383,3.998915956675347
2571,85.7,0.9121539183481934,0,2.456088047358044,0.0,2.9999999999999996,3.0
2572,85.73333333333333,0.9122310039909226,0,-1.4659140882744097,-1.4115559374056659,3.413506863506862,4.028595983141429
2573,85.76666666666667,0.9122705434969719,0,0.9849660591785394,-0.6789705969439126,3.6090045756712428,3.9989159566753756
2574,85.8,0.9056459300235963,0,2.479173203004912,0.0,3.0,3.0
2575,85.83333333333333,0.9055887225330541,0,2.4791732030049047,0.0,3.0,3.0
2576,85.86666666666666,0.9055150103924112,0,1.001156349023148,-0.7041477731542614,3.6090045756712383,3.9989159566753756
2577,85.9,0.9068198968683184,0,2.4799753596779226,0.0,3.0,3.0
2578,85.93333333333334,0.9068012451655504,0,0.8482020971713311,-0.7471035094308718,3.80450228783562,4.096137495127408
2579,85.96666666666667,0.906832688740056,0,2.502225191237798,0.0,3.0,3.0
2580,86.0,0.9115700916910862,0,2.502225191237798,0.0,3.0,3.0
2581,86.03333333333333,0.9113926044965417,0,2.5030257082810223,0.0,3.0,3.0
2582,86.06666666666666,0.9108979508261273,0,0.0247369252185905,-0.7609816122368329,2.804502287835626,3.096137495127408
2583,86.1,0.9063706563706564,0,2.5252164282735805,0.0,3.0,3.0
2584,86.13333333333334,0.9058944536751325,0,2.6870277663974704,0.043792338085552274,2.8045022878356227,3.0961374951273513
2585,86.16666666666667,0.9057663702250214,0,2.5260143165883164,0.0,3.0,3.0
2586,86.2,0.9064978499761108,0,2.6876465275575185,0.0438352957717143,2.804502287835618,3.096137495127408
2587,86.23333333333333,0.9058817909687281,0,2.548117653195199,0.0,3.0,3.0
2588,86.26666666666667,0.9054107833617218,0,0.04240440586420391,-0.7756967273696773,2.80450228783562,3.096137495127408
2589,86.3,0.9087780797247101,0,4.052993495049165,0.7443303155789636,2.3909954243287594,3.0
2590,86.33333333333333,0.9084186667095343,0,5.6183386705952145,1.525596562437869,1.7819908486575116,3.0
2591,86.36666666666666,0.9079746713381119,0,4.247380790890027,0.8030266706716702,2.1954977121643773,3.0
2592,86.4,0.9069485917197966,0,2.758661386893799,0.04619400555574771,2.8045022878356214,3.0961374951273513
2593,86.43333333333334,0.907002276506773,0,2.758400225945941,0.04619400555574771,2.8045022878356214,3.0961374951273513
2594,86.46666666666667,0.9069835017595971,0,1.7295387272983334,0.0,2.0,2.0
2595,86.5,0.9027232281090595,0,2.947691767915124,0.09403721076614602,2.6090045756712454,3.1922749902547594
2596,86.53333333333333,0.9033078051165064,0,2.782126792332974,0.04704025452326732,2.804502287835619,3.0961374951273797
2597,86.56666666666666,0.9031238287679045,0,2.8049096092848558,0.047798730589818206,2.8045022878356227,3.0961374951273513
2598,86.6,0.9020643543669035,0,4.108036880908209,0.8098441489891002,2.3909954243287608,3.0
2599,86.63333333333334,0.8990387813477018,0,5.515216332836225,1.6574598378997223,1.7819908486575144,3.0
2600,86.66666666666667,0.9012232211490258,0,5.337869775176486,1.6317173359850585,1.9774885608218995,4.0
2601,86.7,0.901942319011183,0,2.6995148152245108,0.7037331001949383,1.9774885608218973,5.0
2602,86.73333333333333,0.9020349815001681,-1,5.27620123431528,1.6795086749918369,1.9774885608218966,4.0
2603,86.76666666666667,0.9023668141369623,0,5.076255509553519,1.6277771906900682,2.1729862729862726,5.0
2604,86.8,0.9120100011987738,0,3.9571796513400557,1.6180223660142588,1.392028482180001,5.0
2605,86.83333333333333,0.9119062708757987,0,3.926725456883183,1.6383309164038735,1.3920284821800017,5.0
2606,86.86666666666666,0.9120619368983591,-1,6.1009230300281665,2.555364160197712,1.7731662353563151,6.0
2607,86.9,0.9079528086414452,0,7.091185553406124,3.391058974266059,1.8990317457259642,7.0
2608,86.93333333333334,0.9078735020430587,0,6.865206487855268,3.3376664378056944,2.1143101329510876,8.0
2609,86.96666666666667,0.9074102682939389,0,5.7363244929564985,3.2865039773859905,2.225505698600275,8.0
2610,87.0,0.899276361130255,0,2.1656698227675424,1.52207419410297,2.031405089485901,8.0
2611,87.03333333333333,0.897934595524957,0,1.4833248326903608,0.7574455865137679,1.2580121694446889,5.0
2612,87.06666666666666,0.8993552391131951,0,2.801194702235449,1.8399330366823392,1.1127528493001377,4.0
2613,87.1,0.8940480923816274,0,-3.00500702255553,-0.36990431376719357,2.001894911536779,4.0
2614,87.13333333333334,0.8936453346698235,0,-4.4350799192269985,-1.1220667100401158,1.9999999999999987,3.0
2615,87.16666666666667,0.8939519612925523,1,-9.389200309429285,-3.9042907592019276,2.5639816973150458,5.0
2616,87.2,0.8856087280800652,0,-7.788420615628792,-2.7135171167606416,3.7594794094794124,8.0
2617,87.23333333333333,0.8853951681437416,1,-6.332836998642366,-1.6250445330435923,4.759479409479414,10.0
2618,87.26666666666667,0.885036939405501,1,-5.9912856196567255,-1.4941430840690373,5.150474833808178,12.0
2619,87.3,0.8927298707111746,0,-6.01340076970542,-1.4933036286926153,5.15047483380818,12.0
2620,87.33333333333333,0.8926069369136759,0,-7.139987966079236,-2.403620079617525,4.54147025813694,12.0
2621,87.36666666666666,0.8925134702449605,0,-4.877066504501647,-1.4211059542325302,4.345972545972555,12.0
2622,87.4,0.9047742515384084,0,-3.8555335095296606,-0.537348130795948,4.759479409479409,11.0
2623,87.43333333333334,0.9019550527021682,1,-4.023109172265915,-0.5935138282416403,4.563981697315031,10.0
2624,87.46666666666667,0.9017396685690711,1,-4.0257154813672,-0.5931491346659072,4.563981697315046,10.0
2625,87.5,0.8946679751390252,1,-5.311656701210971,-0.7057402152701684,5.17298627298627,9.0
2626,87.53333333333333,0.8943926198753915,1,-3.9590740672642504,0.2829879630831158,5.977488560821887,10.0
2627,87.56666666666666,0.8945447659706323,1,-5.31595326387777,-0.7057402152701684,5.17298627298627,9.0
2628,87.6,0.8933491156742662,1,-3.9590740672642504,0.2829879630831158,5.977488560821887,10.0
2629,87.63333333333334,0.8935206628583192,1,-5.311656701210971,-0.7057402152701684,5.17298627298627,9.0
2630,87.66666666666667,0.8933184664207908,1,-5.311656701210971,-0.7057402152701684,5.17298627298627,9.0
2631,87.7,0.891671530090288,1,-4.290362249402406,0.1697929376009597,5.586493136493137,8.0
2632,87.73333333333333,0.8922746412305577,1,-4.290362249402406,0.1697929376009597,5.586493136493137,8.0
2633,87.76666666666667,0.892186855492919,1,-6.429613606019231,-0.7622697943035064,5.977488560821897,9.0
2634,87.8,0.8907095377956408,1,-9.080734371660496,-1.8711354692036366,5.78199084865752,7.0
2635,87.83333333333333,0.8904707114767049,1,-9.070858618120134,-1.8711354692036366,5.78199084865752,7.0
2636,87.86666666666666,0.8899842000412173,1,-9.06098286457977,-1.8711354692036366,5.78199084865752,7.0
2637,87.9,0.8821534984074797,0,-9.216848534975595,-1.9282836350329546,5.586493136493144,7.0
2638,87.93333333333334,0.8814696868526033,0,-10.185578927646397,-2.7941265542238227,5.172986272986284,7.0
2639,87.96666666666667,0.8812430442599093,0,-10.080455474954569,-2.7658639086540404,5.368483985150664,8.0
2640,88.0,0.8987745393750323,1,-18.31416793105053,-5.880663181298928,5.977488560821901,11.0
2641,88.03333333333333,0.8973519631996968,2,-19.663178880075037,-6.030590669255446,6.195497712164384,12.0
2642,88.06666666666666,0.8974950901009544,2,-21.858745259507106,-6.998436337323312,6.1954977121643795,13.0
2643,88.1,0.892416225749559,2,-21.6691005639316,-7.8189759552856515,5.368483985150654,12.0
2644,88.13333333333334,0.892319928074968,2,-20.393594329781926,-7.713551567873992,4.759479409479416,11.0
2645,88.16666666666667,0.89184985483202,2,-19.30177580231114,-7.688511086893271,4.150474833808173,10.0
2646,88.2,0.8839250168763956,2,-22.601837163622957,-8.725943960179166,4.954977121643789,12.0
2647,88.23333333333333,0.8851890992879541,2,-20.302833785272885,-7.741982596704702,4.9549771216437914,11.0
2648,88.26666666666667,0.8852143785188393,2,-19.03941615034826,-7.657920897161091,4.541470258136933,10.0
2649,88.3,0.8804558345438196,3,-29.269171530284787,-9.152233801099868,9.390995424328752,18.0
2650,88.33333333333333,0.8807106159940493,4,-37.184423496650275,-10.545147232142995,13.218009151342489,24.0
2651,88.36666666666666,0.8804344066682807,4,-42.467723366561806,-11.658580376141884,15.681516014849354,28.0
2652,88.4,0.8783816054310374,3,-30.439310932607455,-8.939894181469356,10.284683333535487,19.0
2653,88.43333333333334,0.8778291347580631,2,-19.391513758589763,-5.714521479941197,6.6090045756712446,12.0
2654,88.46666666666667,0.8779722307508614,1,-10.38417264946998,-2.451610362058858,4.413506863506866,7.0
2655,88.5,0.8542644823509542,1,-3.501176664896489,-0.18494214409298593,2.4135068635068677,3.288412485382196
2656,88.53333333333333,0.8556037758151944,0,-0.6566444032845631,0.6982345339108917,1.7743203918823809,4.0
2657,88.56666666666666,0.8558838426473071,0,0.18353338870263158,0.6246418005479768,1.661738717018784,6.0
2658,88.6,0.8700804781147068,0,4.532037416990278,2.5395471005797106,2.039080570485537,8.0
2659,88.63333333333334,0.8695312632633312,-1,4.543910919004798,2.5137698097005625,2.0390805704855324,8.0
2660,88.66666666666667,0.8701883076087141,-1,4.544821064038864,2.4879043173989146,2.039080570485532,8.0
2661,88.7,0.8732274628489816,-1,6.5321169633126175,3.354748406553597,2.5608903900914903,10.0
2662,88.73333333333333,0.8726508954233916,0,6.550414792518406,3.354748406553597,2.5608903900914894,10.0
2663,88.76666666666667,0.8723899884377337,0,6.546908607359072,3.352759203171132,2.5608903900914988,10.0
2664,88.8,0.8752851452112628,0,6.546908607359072,3.352759203171132,2.5608903900914988,10.0
2665,88.83333333333333,0.8754107291826276,0,6.546908607359072,3.352759203171132,2.5608903900914988,10.0
2666,88.86666666666666,0.8754554431845268,0,6.546908607359072,3.352759203171132,2.5608903900914988,10.0
2667,88.9,0.8752686716198148,0,6.714082213433766,3.4104343975725158,2.337600261521293,9.0
2668,88.93333333333334,0.8761995024286222,-1,10.23047227672754,5.339210726721632,2.5467915064563433,9.0
2669,88.96666666666667,0.876186769111002,-1,7.871781607651798,4.323371954898846,2.472901116840513,9.0
2670,89.0,0.878803322970287,-1,10.202027859950228,5.339210726721632,2.5467915064563433,9.0
2671,89.03333333333333,0.8787173695205421,-1,11.306496119297982,5.394219059736571,2.5783098580160178,9.0
2672,89.06666666666666,0.8787791290169169,-1,12.4235362286674,6.294575578511768,2.6504898529691885,9.0
2673,89.1,0.8681466986065657,-1,15.111587715670598,6.5737707218056585,2.5417589696974545,7.0
2674,89.13333333333334,0.8679566772386801,-2,15.021386978989277,5.663153899515322,3.759479409479412,8.0
2675,89.16666666666667,0.8679837362711521,-2,17.366991693663522,6.652294981476587,3.7594794094794124,9.0
2676,89.2,0.871448644573152,-2,22.13622707669578,7.871627630047243,5.172986272986278,12.0
2677,89.23333333333333,0.8707505140507197,-1,23.312507813708876,7.940846179631592,5.586493136493141,13.0
2678,89.26666666666667,0.8706680835018682,-2,26.45857685773877,8.894551074102793,6.586493136493138,15.0
2679,89.3,0.8776000818386415,-2,31.009374079799258,10.041853151922282,8.272191393105077,18.0
2680,89.33333333333333,0.8770479226690762,-2,33.53158204343102,10.317852571260659,9.842611726266451,20.0
2681,89.36666666666666,0.8766770657529109,-3,34.38885581403079,10.292121350242809,10.656225281707373,21.0
2682,89.4,0.8737448897555635,-2,17.595703117717218,1.4998618955960694,13.045022878356217,16.44633593118442
2683,89.43333333333334,0.8746556709497494,-2,12.38305356219289,-2.889109104662225,16.481041181041178,20.48991076263809
2684,89.46666666666667,0.8741380785353752,-1,7.946584920301159,-6.991566394221593,19.52606405939739,25.30963088538857
2685,89.5,0.8777489626556016,-1,-7.437191873178142,-14.10565540720006,22.458529741863078,27.298127254509268
2686,89.53333333333333,0.877040675152186,1,-18.082631672140035,-19.023512904008783,24.413506863506868,41.0
2687,89.56666666666666,0.87694569353165,1,-26.125199945869447,-22.76791755551136,25.7819908486575,51.0
2688,89.6,0.8789309267615412,1,-19.29035528241638,-16.4466031289588,17.390995424328757,34.0
2689,89.63333333333334,0.879066134351675,0,-13.616025566609483,-11.253566820834777,11.195497712164372,22.0
2690,89.66666666666667,0.8787926126501423,0,-8.331698037487872,-7.00319488693728,7.586493136493142,16.0
2691,89.7,0.8758190327613105,0,-5.078806606355296,-4.625426385151798,5.1954977121643795,10.0
2692,89.73333333333333,0.8765297278557809,1,-4.436361878972794,-3.42815842172584,3.0,6.0
2693,89.76666666666667,0.8763129614864631,1,-2.961543774326419,-2.2905086284701497,2.0000000000000058,4.0
2694,89.8,0.870058829600578,1,-2.7932381278238663,-2.2287895515437697,1.804502287835622,3.0
2695,89.83333333333333,0.8699998279510693,0,-1.3123133395179765,-1.083942347080324,0.804502287835622,1.0961374951273797
2696,89.86666666666666,0.8702257243135366,0,-1.4807023222785074,-1.1457628381751306,1.0,2.0
2697,89.9,0.8773699927552877,0,-0.16838898276053094,-0.061820491094835006,0.2564102564102555,1.0
2698,89.93333333333334,0.8763778971170153,0,-0.16838898276053094,-0.061820491094835006,0.2564102564102555,1.0
2699,89.96666666666667,0.8764177944242253,0,0.0,0.0,0.0,0.0
2700,90.0,0.8693185725091109,0,0.0,0.0,0.0,0.0
2701,90.03333333333333,0.8679709123416253,0,0.0,0.0,0.0,0.0
2702,90.06666666666666,0.8690480283288067,0,0.0,0.0,0.0,0.0
2703,90.1,0.8651814305529394,0,0.0,0.0,0.0,0.0
2704,90.13333333333334,0.8648722737163123,0,0.0,0.0,0.0,0.0
2705,90.16666666666667,0.8650453844836444,0,0.0,0.0,0.0,0.0
2706,90.2,0.8536522100020751,0,7.309879506489318,3.5237918735271876,6.1972338106406,23.0
2707,90.23333333333333,0.8504463901742556,0,10.942045460462197,5.461224658208181,10.10812809524931,38.0
2708,90.26666666666667,0.853077535203958,-1,15.964952464556102,8.147043089869697,13.015574572691202,48.0
2709,90.3,0.845097873061605,-1,23.2937398663207,13.83816692094183,17.417189031422275,61.0
2710,90.33333333333333,0.8447735398275074,-1,28.533892327827125,18.12630939092486,21.12861351144179,70.0
2711,90.36666666666666,0.8446361679407427,-1,31.2285478193145,20.278510186369033,23.41625305110154,76.0
2712,90.4,0.866080475364509,-1,22.36508589527437,19.27352112464044,23.127963394630065,54.0
2713,90.43333333333334,0.867759317467445,1,14.574546520491722,17.455351605546326,23.804502287835618,41.0
2714,90.46666666666667,0.8690599530321867,1,6.7457019442918025,15.937531155655392,25.481041181041178,30.73047491229306
2715,90.5,0.8562317254586803,2,-12.027853640337419,7.429276759865189,25.89454804454804,30.027079083552962
2716,90.53333333333333,0.8563978044151092,2,-24.594233328622785,2.52181267525728,27.112557195890524,33.0446916957477
2717,90.56666666666666,0.8564173591874423,3,-33.803310483528676,-1.2829105911810643,28.11255719589053,35.40343737818489
2718,90.6,0.8584822584822585,4,-39.368907492921025,-5.037294483320977,25.308054908054906,34.44019484239874
2719,90.63333333333334,0.864070382460244,3,-43.50568202105552,-7.740390438747369,23.74905033238367,35.0
2720,90.66666666666667,0.8646388098273062,3,-48.02074289058504,-10.539637341013304,22.421124646193523,36.0
2721,90.7,0.8693260209713024,4,-39.16312551862712,-9.35471724163267,16.899525166191843,28.0
2722,90.73333333333333,0.8642994110395836,3,-32.94805019152859,-9.072468572967239,12.413506863506866,22.0
2723,90.76666666666667,0.8641421577019208,3,-29.83355341677938,-8.9331011634996,10.390995424328755,19.0
2724,90.8,0.8701769309288874,4,-35.456574216471,-9.345868509368728,13.827013727013732,24.0
2725,90.83333333333333,0.8699379198911472,4,-40.73699686285575,-10.484050253942655,16.18734935947976,28.0
2726,90.86666666666666,0.8700843652197577,3,-42.89737491117423,-10.633063725506418,17.706807943102717,30.0
2727,90.9,0.8734962278257323,2,-26.95086131925644,-5.954774809390273,12.100169872300269,19.0
2728,90.93333333333334,0.8730617028142462,2,-19.387854161433392,-4.762432679754085,8.022511439178107,13.0
2729,90.96666666666667,0.8729366211534543,1,-11.541179625789411,-2.511947538439756,5.2180091513424856,8.0
2730,91.0,0.8768791238691246,1,-9.094541934599519,-2.344112624929636,3.8045022878356263,6.0
2731,91.03333333333333,0.8765388016051145,1,-4.635734960707689,-1.2046150823966855,1.8045022878356192,3.0
2732,91.06666666666666,0.8764667868439849,1,-2.336139133725132,-0.1235860701587228,1.6090045756712414,2.192274990254873
2733,91.1,0.8780408748166092,1,-3.4747882478417393,-1.1449199141902113,1.0000000000000013,2.0
2734,91.13333333333334,0.8786058102618373,0,-1.1680806767104883,-0.06179710581807285,0.8045022878356164,1.0961374951273797
2735,91.16666666666667,0.877490498184855,1,-2.31043398675949,-1.0839657323570577,0.25641025641025833,1.0
2736,91.2,0.871906519483612,1,-1.1683855752979921,-0.061820491094806584,0.804502287835622,1.0961374951273797
2737,91.23333333333333,0.8717983604884519,0,0.0,0.0,0.0,0.0
2738,91.26666666666667,0.8720164679062963,0,0.0,0.0,0.0,0.0
2739,91.3,0.8789000345901072,0,1.1553663088673485,0.0603674734093147,0.8045022878356178,1.0961374951274365
2740,91.33333333333333,0.8792515534938466,-1,2.7617710067055565,0.8384696608508193,1.7819908486575173,4.0
2741,91.36666666666666,0.8795153613154478,0,2.2471307990379152,0.6429234803123336,2.368483985150653,7.0
2742,91.4,0.8824527093681314,-1,3.3125081237561513,0.6716899620836045,3.1729862729862743,7.0
2743,91.43333333333334,0.8825006059346976,-1,1.9674878421208017,-0.26204296445212094,3.9774885608218975,8.0
2744,91.46666666666667,0.8825709041797971,0,4.328013540473664,0.6939216092815172,3.9774885608218904,7.0
2745,91.5,0.8825007364280639,0,4.163495559015743,0.6321287089838563,4.172986272986271,8.0
2746,91.53333333333333,0.8823886183651897,-1,5.361201079920601,1.4533046849097389,3.5639816973150333,8.0
2747,91.56666666666666,0.882605757066357,-1,5.394452054232822,1.4520709562498268,3.5639816973150245,8.0
2748,91.6,0.8781984424975664,0,5.391403867538024,1.4290965420005364,3.5639816973150276,8.0
2749,91.63333333333334,0.8780068131256952,0,7.675492152476835,2.271557831440049,3.7594794094794146,8.0
2750,91.66666666666667,0.8781721476743377,0,4.13254041218908,0.6017929937152644,4.172986272986274,8.0
2751,91.7,0.8837900885018787,-1,3.8161012144587936,0.4964304336918701,4.563981697315035,10.0
2752,91.73333333333333,0.8838298402749337,0,4.825757408774102,0.5340354986762179,5.368483985150652,10.0
2753,91.76666666666667,0.883924278311043,0,5.94970009112793,1.2417866640188322,4.954977121643785,11.0
2754,91.8,0.8967978395061729,0,4.575042084892779,0.4464139701790657,5.563981697315025,11.0
2755,91.83333333333333,0.8967372663351054,0,3.3996272730757013,-0.1586326564903402,5.781990848657517,9.0
2756,91.86666666666666,0.8966389436680099,0,3.3272772632953505,-0.1526207695371795,5.7819908486575144,9.0
2757,91.9,0.8949256457083224,0,1.9979000472458566,-0.724284519454045,6.195497712164375,8.0
2758,91.93333333333334,0.8950559600130392,0,4.476794025709999,-0.03667269768004644,6.19549771216438,7.0
2759,91.96666666666667,0.8953890301963087,0,4.433950678248522,-0.03599591332854857,6.195497712164385,7.0
2760,92.0,0.8986046718972895,0,2.1915736188969817,-0.6250363934391885,5.804502287835617,6.09613749512738
2761,92.03333333333333,0.898364381852215,0,-0.22033958179157764,-1.2605057571662996,5.609004575671243,6.192274990254788
2762,92.06666666666666,0.8982552309646367,0,2.1629775605326387,-0.6243702560934992,5.804502287835622,6.096137495127394
2763,92.1,0.9021393145310533,0,3.1984053100343317,-0.14314291831163928,5.781990848657513,9.0
2764,92.13333333333334,0.9022079684223511,0,8.433048833324648,1.5711246639120873,5.345972545972546,12.0
2765,92.16666666666667,0.9020846182311583,0,8.167156511745546,1.495872090029195,5.736967970301304,14.0
2766,92.2,0.9005379645778575,0,9.606356396386033,2.0332664394773587,5.323461106794439,15.0
2767,92.23333333333333,0.8998427750208814,0,12.246645055347742,2.6795422055785423,5.51895881895882,15.0
2768,92.26666666666667,0.9000614024315363,0,9.49046879274934,1.9944835036089898,5.518958818958818,16.0
2769,92.3,0.8974186046511627,0,16.14023050113086,3.86295123155935,5.300949667616334,16.0
2770,92.33333333333333,0.8972467242302232,0,20.2598371506095,5.139588437860908,5.113593518001233,17.0
2771,92.36666666666666,0.8968582732138701,0,20.272094799034093,5.1957696531615625,5.3194987060689565,18.0
2772,92.4,0.8953423769618963,0,20.377440142363128,5.235739304247943,5.113593518001234,17.0
2773,92.43333333333334,0.8944736415622901,0,20.14968965866457,5.1957696531615625,5.319498706068956,18.0
2774,92.46666666666667,0.8944504896626768,0,22.800940719794667,5.902682657026389,5.500635228458918,18.0
2775,92.5,0.8961533202679914,0,21.24599446538126,5.33321215974081,6.082940516273852,18.0
2776,92.53333333333333,0.8962154526191073,0,22.924648627927994,6.012232813257867,5.500635228458921,18.0
2777,92.56666666666666,0.8962782323312898,0,23.848915131393,6.053663062256959,6.278438228438228,18.0
2778,92.6,0.8950304714106471,0,22.80456170250008,6.018522086062006,5.500635228458918,18.0
2779,92.63333333333334,0.8946519391481639,0,25.473156081951714,6.751901113084699,5.685513882437664,18.0
2780,92.66666666666667,0.8948264659093456,0,25.396861150152375,6.751901113084699,5.685513882437665,18.0
2781,92.7,0.9027967472841504,0,25.731502086495638,6.9690988480217015,5.284656161102444,16.0
2782,92.73333333333333,0.9031600193427665,0,25.539289925077185,6.983514987466947,5.284656161102444,16.0
2783,92.76666666666667,0.9029938609032041,0,23.34808294003858,6.4337671285748,4.696290160202004,14.0
2784,92.8,0.9047119988492284,0,23.154920088599212,6.440391275866659,4.6962901602020075,14.0
2785,92.83333333333333,0.9040088720939785,0,23.263089534581994,6.557176888076555,4.696290160202006,14.0
2786,92.86666666666666,0.903943314849045,0,23.19279544325436,6.557176888076555,4.696290160202006,14.0
2787,92.9,0.9000989695523083,0,26.02327122842994,8.007718799648956,4.546626010285332,15.0
2788,92.93333333333334,0.8999650634680331,0,28.225058974846064,8.774881067149664,4.901757640210347,16.0
2789,92.96666666666667,0.8997554537691173,0,29.866058855584164,9.592802577891092,4.736668633546506,15.0
2790,93.0,0.902219772701357,0,29.695756995449315,9.713309999572289,4.932018318381958,16.0
2791,93.03333333333333,0.9018888719975676,0,29.35049623925962,9.67513481098041,5.128676216141781,17.0
2792,93.06666666666666,0.9016019611196625,0,30.731494059945682,10.432208351461782,5.424938543923856,18.0
2793,93.1,0.8862400439439715,0,28.537073993092683,9.697627532478606,5.732214518807723,20.0
2794,93.13333333333334,0.8859244620114185,0,26.22770104316109,8.799889833949521,6.141187700508178,22.0
2795,93.16666666666667,0.8859809663250366,0,25.880940563129244,8.752390521047545,6.350408989711106,23.0
2796,93.2,0.8887282481840826,-1,18.333996783466837,5.8973686469303175,5.113593518001229,17.0
2797,93.23333333333333,0.8886895638846315,-1,14.709477820594962,4.523833724798152,4.909954243287577,14.0
2798,93.26666666666667,0.888736000557365,0,11.221648308236631,3.1527198349493233,4.9324656824656845,12.0
2799,93.3,0.8841935111419005,0,9.93270251859163,2.5473460969431585,5.3459725459725425,11.0
2800,93.33333333333333,0.8840261860396088,-1,7.706670286871095,1.846710626280867,5.1504748338081665,11.0
2801,93.36666666666666,0.8837799950523625,0,6.451238438989655,1.1535580527944092,5.759479409479407,11.0
2802,93.4,0.8823991747310508,0,6.412281586909145,1.1535580527944092,5.759479409479407,11.0
2803,93.43333333333334,0.882591822364866,0,7.355727655667632,1.195260424043397,6.563981697315029,11.0
2804,93.46666666666667,0.8826447904897579,-1,7.342474517580936,1.195260424043397,6.563981697315029,11.0
2805,93.5,0.8798073815525822,-1,6.36033911746847,1.1535580527944092,5.759479409479407,11.0
2806,93.53333333333333,0.880029095611412,-1,6.3473535001083,1.1535580527944092,5.759479409479407,11.0
2807,93.56666666666666,0.8802657528046297,-1,7.443345273791104,1.2357458851593606,6.368483985150652,10.0
2808,93.6,0.8722712273131108,-1,6.338545675773574,1.154733417294267,5.759479409479408,11.0
2809,93.63333333333334,0.8728816248809902,-1,6.180929412975612,1.113031046045279,5.954977121643785,12.0
2810,93.66666666666667,0.8730523910766985,-1,6.185017012237177,1.1141648415441239,5.954977121643788,12.0
2811,93.7,0.8624128871898942,-1,7.157549392181579,1.1535580527944092,6.759479409479407,12.0
2812,93.73333333333333,0.8623385612484072,-1,6.053349873732371,0.46957651013073587,7.368483985150652,12.0
2813,93.76666666666667,0.8626325227294177,-1,8.045716731661575,1.1728095335180058,7.563981697315034,12.0
2814,93.8,0.8821050982849088,-1,7.027673310121298,1.110442927036189,6.759479409479414,12.0
2815,93.83333333333333,0.882284765618882,0,7.0535932676642865,1.110442927036189,6.759479409479414,12.0
2816,93.86666666666666,0.882289366101217,0,5.952584470556932,0.4519540885061133,7.368483985150652,12.0
2817,93.9,0.8925410080057654,0,5.860472852171867,0.43521458272337554,7.368483985150652,12.0
2818,93.93333333333334,0.892293713086118,-1,5.818736977617004,0.42678491467140134,7.368483985150649,12.0
2819,93.96666666666667,0.8924694123729106,-1,5.83304258473612,0.4263336233761379,7.368483985150656,12.0
2820,94.0,0.8925223457597559,0,4.702701640564211,-0.1829752146811643,7.977488560821897,12.0
2821,94.03333333333333,0.8924361110678523,0,4.658469123398394,-0.17959696586899554,7.977488560821894,12.0
2822,94.06666666666666,0.892313202728377,0,6.566793001928602,0.4180345683666076,8.368483985150654,13.0
2823,94.1,0.8952401821909874,0,4.651925047887097,-0.17959696586899554,7.977488560821894,12.0
2824,94.13333333333334,0.8951923377883502,0,5.552134445016637,-0.1437540271631974,8.781990848657518,12.0
2825,94.16666666666667,0.8950935127944284,0,4.371164909737356,-0.7307978446176548,9.390995424328755,12.0
2826,94.2,0.8954528838665586,-1,5.547583285811278,-0.14390713305871827,8.78199084865752,12.0
2827,94.23333333333333,0.8944833833977018,0,5.741418181250339,-0.11013479773140489,8.586493136493136,11.0
2828,94.26666666666667,0.8945996630749181,0,5.739838214681605,-0.11013479773140489,8.586493136493136,11.0
2829,94.3,0.9060997620150457,0,7.130909476456885,0.529832855776931,7.781990848657512,10.0
2830,94.33333333333333,0.9062415131715578,0,7.218771016067009,0.5397663490767286,7.781990848657516,10.0
2831,94.36666666666666,0.9062185518265898,0,7.228801606721966,0.5403370329160566,7.781990848657517,10.0
2832,94.4,0.9040360873694206,0,5.460516592487394,0.0,7.0,7.000000000000014
2833,94.43333333333334,0.9032906503743332,0,6.841566294994031,0.6274662814939234,6.390995424328759,7.000000000000028
2834,94.46666666666667,0.9036266641338588,0,7.072478175591215,0.6781039981862307,6.195497712164381,7.0
2835,94.5,0.9018849916487712,0,3.3632934657370654,-0.640436720135682,6.609004575671241,6.998915956675404
2836,94.53333333333333,0.9016544702513523,0,5.569397590678868,0.0,7.0,7.000000000000028
2837,94.56666666666666,0.9017087217997264,0,5.722728921713333,0.03912535740587941,6.804502287835623,7.09613749512738
2838,94.6,0.890282334308386,0,3.2597715423585,-0.70540820075081,6.8045022878356205,7.09613749512738
2839,94.63333333333334,0.8905196799482745,0,4.711086757361571,-0.040651783381917994,6.195497712164378,7.0
2840,94.66666666666667,0.8908535501284932,0,4.754059723205373,-0.04138518672561986,6.195497712164384,7.0
2841,94.7,0.8913309910940437,0,4.755843163716833,-0.041427208335619525,6.195497712164378,7.0
2842,94.73333333333333,0.8911967055055317,0,4.958346406009817,0.0,6.0,6.0
2843,94.76666666666667,0.891149791615592,0,2.4979390761466362,-0.7340659439454953,5.804502287835624,6.096137495127408
2844,94.8,0.8908078906441843,0,5.004450382475596,0.0,6.0,6.0
2845,94.83333333333333,0.8908736655969611,0,2.54275719559147,-0.7602306477078287,5.804502287835615,6.096137495127408
2846,94.86666666666666,0.8906661864143159,0,2.54255644682798,-0.7609816122368329,5.804502287835626,6.096137495127408
2847,94.9,0.886907710087502,0,2.569563803110597,-0.7741867562745597,5.804502287835619,6.09613749512738
2848,94.93333333333334,0.886780925962618,0,2.41494602275268,-0.8187339892662351,6.000000000000002,7.0
2849,94.96666666666667,0.8866180209330736,0,2.4146849538218547,-0.8195320231413916,6.000000000000002,7.0
2850,95.0,0.8828144437625437,0,0.9399607738781484,-1.5646605624777692,6.60900457567124,7.192274990254816
2851,95.03333333333333,0.8827960378955053,0,5.09941185961047,0.0,6.0,6.0
2852,95.06666666666666,0.8826516220028209,0,5.143374701302058,0.0,6.0,6.0
2853,95.1,0.8749852636542769,0,5.188616181895014,0.0,6.0,6.0
2854,95.13333333333334,0.8750400026949184,0,2.5101775335255354,-0.864103888693819,6.000000000000001,7.0
2855,95.16666666666667,0.8748947208840077,0,1.0261549354286998,-1.6490462055600403,6.6090045756712446,7.192274990254788
2856,95.2,0.8797288803574159,0,3.5915140504977217,-0.8319381217139608,6.804502287835618,7.09613749512738
2857,95.23333333333333,0.8798722261868352,0,5.112106473253014,-0.04784192155449318,6.195497712164383,7.0
2858,95.26666666666667,0.8794955469440479,0,2.5817652052079083,-0.893815837924933,6.000000000000005,7.0
2859,95.3,0.8806102900930487,0,6.660609772234459,0.7605372622260802,5.58649313649314,7.0
2860,95.33333333333333,0.8807683097868847,-1,6.697636884615804,0.7721807803357308,5.586493136493135,7.0
2861,95.36666666666666,0.8812162254600178,-1,5.624301843877916,0.7227884240567164,4.781990848657515,7.0
2862,95.4,0.8745572457692373,-1,4.168001168927006,-0.10023447504192973,5.390995424328759,7.0
2863,95.43333333333334,0.8744953123930747,0,6.886369401084487,0.8352187307279451,5.390995424328756,6.0
2864,95.46666666666667,0.874775406834477,0,6.713142276846085,0.7850379638001925,5.586493136493138,7.0
2865,95.5,0.867642762626523,0,5.110397942654849,-0.10179663712295905,6.390995424328755,8.0
2866,95.53333333333333,0.8676288659793815,0,6.404568648201696,0.6939216092824267,5.977488560821894,9.0
2867,95.56666666666666,0.8677011375743203,0,6.3989152638511015,0.6939216092824267,5.977488560821894,9.0
2868,95.6,0.8756308642189424,0,9.128657577998922,1.6795086749918369,5.977488560821897,8.0
2869,95.63333333333334,0.8754424318134499,0,6.452428607205121,0.7139358608555995,5.977488560821895,9.0
2870,95.66666666666667,0.8755791556041439,0,8.968033203119283,1.649717921834963,6.172986272986272,9.0
2871,95.7,0.8720141293323541,0,6.472903200399557,0.7239374478996012,5.977488560821893,9.0
2872,95.73333333333333,0.8723322370722832,0,6.6321639174520115,0.7777047337318947,5.781990848657516,8.0
2873,95.76666666666667,0.8720393240737502,0,6.628816213254318,0.778277041074233,5.78199084865751,8.0
2874,95.8,0.8697962956379537,-1,4.19275419194927,-0.16367336272080024,5.586493136493134,8.0
2875,95.83333333333333,0.8723166249400736,-1,5.387109159633326,0.688546706024141,5.1729862729862734,9.0
2876,95.86666666666666,0.8726275233918648,0,5.547019868821522,0.7437229873304432,4.977488560821896,8.0
2877,95.9,0.8783102257732145,0,7.8115624778384785,1.662522753981932,5.368483985150654,9.0
2878,95.93333333333334,0.8785774981468424,0,7.996851355391584,1.7369014281095474,5.17298627298627,8.0
2879,95.96666666666667,0.8781065302655123,0,7.989434471005119,1.7380027542765504,5.172986272986272,8.0
2880,96.0,0.8524752279424853,0,7.967733030579595,1.7569371426668852,5.1729862729862734,8.0
2881,96.03333333333333,0.8477323096406522,-1,7.932153232746877,1.7579946047473811,5.17298627298627,8.0
2882,96.06666666666666,0.8523588171298586,-1,6.67849946409379,0.8269868587946121,5.781990848657516,8.0
2883,96.1,0.8444152585564747,-1,14.590500521195272,4.604779804259124,5.9549771216437914,9.0
2884,96.13333333333334,0.8445955212476245,-1,21.31938683954752,8.34006490137628,5.323461106794442,11.0
2885,96.16666666666667,0.844953642903346,-2,23.41081459559398,9.267069757610585,5.518958818958817,12.0
2886,96.2,0.8627991814218346,-1,13.737108453452688,5.507396863789353,4.736967970301315,10.0
2887,96.23333333333333,0.8628937533368927,0,-1.6147041751677182,-1.5556658867997442,3.3684839851506636,10.0
2888,96.26666666666667,0.862567844114245,1,-13.265221651944337,-6.01398144980493,3.8461538461538423,10.0
2889,96.3,0.8625635863606133,1,-11.137053249227723,-3.6117018641536163,3.3102343631269364,6.0
2890,96.33333333333333,0.8630823986194995,1,-10.044600287264196,-2.249278545138935,4.80450228783562,7.0
2891,96.36666666666666,0.8627056179775281,1,-10.633081741364588,-2.0913548900479384,6.195497712164384,8.0
2892,96.4,0.8660060556014313,1,-12.844378234402896,-3.0315722939004104,6.586493136493139,9.0
2893,96.43333333333334,0.8658335168465096,0,-11.465812733140773,-2.0092768950548248,7.390995424328757,9.0
2894,96.46666666666667,0.8657858519130195,1,-11.325762928354258,-1.951447207357603,7.586493136493138,9.0
2895,96.5,0.8671536597900301,0,-10.236300976491002,-1.912928890483073,6.781990848657512,8.0
2896,96.53333333333333,0.8660658566131934,0,-11.44832347756342,-2.8564272672528546,6.172986272986267,8.0
2897,96.56666666666666,0.8657623260765813,0,-10.230067753205105,-1.9139394837107488,6.781990848657524,8.0
2898,96.6,0.8605370011339942,0,-11.483041861401063,-2.8844601282065696,6.172986272986277,8.0
2899,96.63333333333334,0.8625848100802839,0,-10.374168981776045,-2.8515075306098936,5.368483985150659,8.0
2900,96.66666666666667,0.8625159992686049,0,-9.111666934785266,-1.8741458359587568,5.977488560821895,8.0
2901,96.7,0.752124212971453,0,-10.552278059342353,-2.93545519716875,5.172986272986274,7.0
2902,96.73333333333333,0.7514258942393873,0,-11.615334292168079,-3.8702832357301418,4.759479409479418,8.0
2903,96.76666666666667,0.7307943239275811,0,-11.601432694681463,-3.8702832357301418,4.759479409479418,8.0
2904,96.8,0.886218871288232,1,-22.17524743782111,-5.59039256808515,10.39099542432876,15.0
2905,96.83333333333333,0.8874944304173474,2,-30.086699290603107,-7.035136208734258,14.413506863506877,21.0
2906,96.86666666666666,0.8873995135807512,2,-33.128806696810386,-7.149599882697032,16.827013727013725,24.0
2907,96.9,0.8609470144506044,2,-23.62629002976915,-5.875102342344121,10.413506863506871,16.0
2908,96.93333333333334,0.8610793027609648,1,-14.703036006854884,-3.549785978171741,6.6090045756712374,10.0
2909,96.96666666666667,0.8613388102291936,1,-10.285630709327485,-2.4136884887085444,4.609004575671236,7.0
2910,97.0,0.8595056277369622,1,-19.09569415079382,-9.988319900161827,8.260422084802254,26.0
2911,97.03333333333333,0.8611869833402673,1,-21.310714892060115,-10.784797182435,11.753150539560092,40.0
2912,97.06666666666666,0.8613483390026778,1,-21.90234019417586,-11.360213739449023,14.167428255858017,50.0
2913,97.1,0.8532410845271947,0,-14.823857859364336,-9.132712287882953,11.880923560675622,41.0
2914,97.13333333333334,0.8530487363313781,0,-9.871853857563327,-7.32948421377111,11.300949667616328,35.0
2915,97.16666666666667,0.8538851657308458,0,-7.487870146104385,-6.68252519630596,11.323461106794442,31.0
2916,97.2,0.863585814901767,0,-5.2760421291330815,-4.6677232966758595,9.909954243287562,30.0
2917,97.23333333333333,0.8638980117950348,0,-5.786164444188756,-4.434855457875443,8.909954243287576,29.0
2918,97.26666666666667,0.8636596345661577,0,-4.90316822320915,-3.555868828057527,8.30094966761634,29.0
2919,97.3,0.8594650458056718,0,-6.782541543677574,-5.323325882129723,8.345972545972536,24.0
2920,97.33333333333333,0.8593421605716688,0,-8.324846901513112,-6.443942736951925,8.272893375372721,21.0
2921,97.36666666666666,0.8593473577271373,0,-2.8304255510618788,-4.6537475995112345,9.390995424328768,17.0
2922,97.4,0.8659454947042557,0,-0.17094055402184694,-4.932254885088241,11.63151601484935,13.672962465891828
2923,97.43333333333334,0.8655434423521638,-1,-0.1411202605896591,-6.3780302511970035,13.090045756712408,16.9891595667537
2924,97.46666666666667,0.8654357690502269,-1,0.587429712028694,-6.782875546379529,13.72156177156177,19.073937082201553
2925,97.5,0.8644956017218791,0,1.9551770394590307,-5.893153919131635,13.526064059397394,19.18493760091559
2926,97.53333333333333,0.8641607677647699,0,3.9229161934832817,-4.587841947590135,12.917059483726145,18.333301939362627
2927,97.56666666666666,0.8640586713857882,-1,3.744814275062261,-4.59750636713153,12.917059483726158,18.333301939362542
2928,97.6,0.8680301799972933,-1,5.789088124849776,-3.3174986554694215,12.503552620219285,17.463343139192546
2929,97.63333333333334,0.8683333615250596,-1,5.709950848435955,-3.3174986554694215,12.503552620219283,17.463343139192546
2930,97.66666666666667,0.8684090332402944,-1,7.25933325946882,-2.6361120151228477,12.69905033238367,17.57586222232686
2931,97.7,0.8692948532292962,-1,9.06041675182131,-0.9218772971198632,11.45852974186308,14.56580378435288
2932,97.73333333333333,0.8693037597315207,-1,9.471018792494856,-0.4072067230828509,11.436018302684968,13.413275701613657
2933,97.76666666666667,0.8692185823069454,-1,7.704194103359746,-1.0761954949487063,11.240520590520585,13.244955381319045
2934,97.8,0.8707199448846021,0,0.4640885548551239,-4.00435947324155,10.285543468876806,14.109009855566313
2935,97.83333333333333,0.8706137706499457,0,-5.003450920231541,-6.192308380768765,9.77156177156177,15.073937082201553
2936,97.86666666666666,0.8704798001550521,1,-8.208544089427756,-7.263545028053954,9.272304488695665,15.035021401412592
2937,97.9,0.878780718336484,0,-4.602671455470425,-5.107524343305613,9.090045756712419,13.014800592394721
2938,97.93333333333334,0.8789602835590293,0,-2.040685910139807,-3.5647267476904574,8.849525166191837,11.006858274535034
2939,97.96666666666667,0.8788291973456959,-1,1.3434694444773676,-1.8465086891780516,8.218009151342482,9.088385205924226
2940,98.0,0.88092382613752,0,2.14251103953859,-1.2999032049423818,7.8045022878356205,9.0
2941,98.03333333333333,0.8807101064796308,0,2.886993592596312,-0.7820729862096698,7.586493136493141,11.0
2942,98.06666666666666,0.8807304442627419,0,5.879900894706282,0.4549965017591262,7.172986272986276,11.0
2943,98.1,0.8804825756749882,0,5.885877112092107,0.4549965017591262,7.172986272986276,11.0
2944,98.13333333333334,0.8806802696367898,0,2.8623670064994755,-0.7812425306063631,7.586493136493138,11.0
2945,98.16666666666667,0.8806395929862815,-1,5.754160892428562,0.41847904979482564,7.368483985150656,12.0
2946,98.2,0.8801962209302325,-1,5.751252917104836,0.4180345683666076,7.368483985150654,12.0
2947,98.23333333333333,0.8802688953488372,-1,5.751252917104836,0.4180345683666076,7.368483985150654,12.0
2948,98.26666666666667,0.8802325581395349,-1,5.751252917104836,0.4180345683666076,7.368483985150654,12.0
